0.68,"Уважаемые коллеги, добрый день."
0.68,"Мы сегодня, расширяя географию выездных брифингов, начинаем работу в Ижевске, а в центре Удмуртии."
0.68,"Я счастлива, для меня это впервые."
0.68,"А и столько я слышала, столько я видела и столько у меня, э, было желание приехать сюда."
0.68,"И вот, наконец, это свершилось."
26.56,"Так что будем сегодня говорить и про мировые дела, и про геополитику, конечно, как всегда."
26.56,"Но по традиции начнём как раз с тех мест, которые нас так радушно сегодня принимают."
26.56,Так что рада приветствовать всех.
26.56,О нас смотрят.
26.56,"Ну, я без ложной скромности скажу, в разных странах, э, многие люди, которые следят за Россией, её внешней политикой и при этом находятся за рубежом."
26.56,"Поэтому я рада приветствовать всех участников сегодняшнего брифинга и российских журналистов, и зарубежных журналистов, и всю нашу обширную аудиторию в столице Удмурской республики и не для наших дорогих сограждан, соотечников из Удмуртии, а именно для международной аудитории."
26.56,Я кратко расскажу об истории этих мест.
84.28,Город Ижевск основан на или лучше сказать даже в междуречье рек Камы и Вятки.
84.28,"Состоялась это судьбоносное для нас, для всех событий 10 апреля 1760 года, когда началось сооружение плотина через реку Иш и корпусов железно железодетального завода графа Петра Ивановича Шувалова."
84.28,В 1774 году завод был почти полностью разрушен во время Пугачёвского восстания.
84.28,Производство тогда практически остановилась.
84.28,"И, ну, по сути, второе рождение города произошло 10 июня 1807 года, когда по указу императора Александра Iдащийся горный инженер Андрей Фёдорович Дерябин основал оружейный завод, третий в России после Тульского и Сестрорецкого."
84.28,"Как показало дальнейшее развитие событий, это решение стало, а крайне своевременным."
145.36,История же повторяется.
145.36,"И тогда в те в тот период, опять было неспокойно в европейском континенте, в Европе шли наполеоновские войны."
145.36,"И уже в 1812 году оружие, которое поставлялось именно Ижевским заводом, помогло отразить очередное вторжение Запада на территории нашей страны."
145.36,И с тех пор Ижевск стал известен как один из ведущих оружейных центров страны.
145.36,В годы Великой Отечественной он переподтвердил свою славу.
181.36,"Ижевск был единственным городом СССР, где выпускали все виды стрелкового оружия."
188.44,"Мы обязательно в тексте брифинга разместим ссылку на материалы, которые об этом рассказывают подробно, с цифрами, фактами и так далее."
201.72,"Ну и, безусловно, история города неразрывно связана с именем не просто известного, а всемирно известного, выдающегося советского конструктора Михаила Тимофеевича Калашникова."
216.64,"Сейчас Удмурти известно как крупный промышленный центр, который производит, в том числе, комплектующий для атомного ледокольного флота, нефтяной, газовой, горнодобывающей промышленности."
216.64,"Мы сейчас об этом ещё подробнее поговорим, но Удмуртия как промышленность, так и культура, безусловно, это родина великого русского композитора Петра Ильевича Чайковского."
216.64,"Я хочу сказать, в том числе как и а житель не только Москвы, но и Подмосковья, мы всегда связываем имя Чайковского с Клином, где находится его усадьба."
216.64,"Но я прошу помнить, что Родина Чайковского - это как раз эти места."
216.64,"Это как раз Удмуртия, город Водкинск."
260.919,И в эти самые потрясающие музыкальные наши традиции были продолжены уже в современности.
260.919,Мурти - это и они заговорили во всём мире благодаря бурановским бабушкам.
260.919,"И я хочу сказать, это была одна из моих, а не просто задумок, это была моя мечта с ними увидеться, встретиться."
260.919,И я её сегодня реализую.
287.44,"А, ну хочется сказать, э, правильно было бы сказать: ""Бурановские бабушки, ждите, я к вам приеду""."
287.44,Но я скажу по-другому.
296.32,"Бурановские девчонки, с учётом вашего задора мы сегодня с вами там зажжём, я надеюсь."
296.32,"А помните, как в 2012 году они зажгли в самом лучшем смысле этого слова, как это должно происходить было бы, зажгли Европу своим потрясающим не только номером вокальным, но ещё и танцами."
296.32,"Аа мне кажется, вот тогда Европа, наверное, ещё и пригорёнилась, потому что поняла, что наша традиция, наш культурный код, а настолько интересный и настолько мощный, а что их со своими ложными традициями мы действительно можем обойти на всех поворотах."
296.32,"А, но вот это действительно удивительная история про то, как традиции, а, те самые традиционные ценности оказались, а, не подвластны никакому извращению, никаким ложным ценностям и продемонстрировали силу культуры, как она есть."
296.32,"Вот в том виде, в котором она и должна доминировать."
296.32,"Не сложной повесткой, а с настоящей."
362.96,"И я хочу сказать, это удивительное."
362.96,"Я не знала, но когда мне рассказали, а для меня это стало каким-то действительно, ну, не знаю, дополнительным, особенным поводом для уважения."
362.96,"Все собранные и заработанные средства, а, бурановские бабушки направляли на восстановление Троицкой церкви в родном селе."
382.72,Представляете?
382.72,"Ну, вот опять же сила наших традиций, сила нашего духа."
382.72,"А, и конечно с Удмуртией связаны имена и судьбы многих выдающихся граждан нашей страны."
382.72,"Большой вклад в развитие края внесли архитектор Семён, э, Емельянович Дудин."
382.72,"Он определил облик Старого Ижевского, имя маршала Дмитрия Фёдоровича Устинова, э, создателя первых мотоциклов Иш Петра Владимировича, а, Мажарова."
382.72,"И, конечно, здесь огромное количество достопримечательностей."
417.4,"Великолепный национальный музей Удмурской республики имени Кузибаягерта, где можно погрузиться в культуру, традиции."
425.039,"И, конечно, быт удмурдского народа тоже мы сейчас об этом поговорим, чтобы весь мир знал, где на самом деле родина пельменей."
425.039,"А, ну и, конечно, архитектурная жемчужина - это памятник XIX века, старинное здание Арсенала."
442.479,"Как мы уже сказали, это Удмурти - это и промышленность, и военное дело, и культура."
442.479,"А, но это не только музей, это ещё, э, конечно, удивительная архитектура, где классицизм XIX века соседствует с конструктивизмом."
458.68,Современные издания вписаны в историческую ткань.
458.68,"Так гармонично, что это не только не режет, не режет глаз, а наоборот, его радует."
458.68,"А мне кажется, Ижевск, Удмуртия - это действительно место с душой, богатой историей и множеством поводов для восхищения и настоящих открытий."
479.0,"А, и я хочу сказать, что сегодня у нас в зале не только журналисты, но ещё и а студентымеждународники из Удмурского государственного университета и школьники из международного образовательного комплекса Гармония."
479.0,Так что всех рада приветствовать.
479.0,"И давайте, э, коль скоро мы говорим о силе и особенностях Удмурти, я хочу сказать, что, а, и читала много, и слышала, и знаю, и теперь ещё это и свидетельствую."
479.0,"Удмурти - это, конечно, колоссальная, а, просто невероятная сила патриотизма, истинного и настоящего."
479.0,Вот о некоторых его проявлениях я сказала.
479.0,"И сегодня встретилась с ещё одним меня здесь первыми, кто принимал, это были ребята, которые запускают сегодня в Удмуртии, э, марафон, связанный с георгиевской ленточкой."
479.0,"Собственно говоря, вот эта георгиевская ленточка из Удмуртии в этом году будет со мной всегда на всех мероприятиях."
479.0,"Так что на следующем брифинге я тоже, э, обязательно буду в ней."
479.0,"Я просто напомню, что это за акция."
479.0,А она стартовала в этом году 22 апреля.
479.0,"Она ежегодная, всероссийская георгиевская лента."
479.0,"Она продлится до 9 мая, как это происходит из года в год."
479.0,"И в текущем году силами волонтёров Победы планируется распространить миллионы георгиевских лент, как среди граждан Российской Федерации, так и среди соотечественников, которые проживают за рубежом."
479.0,"Напомню, как всё начиналось."
572.48,"Начиналось всё в 2005 году, тогда когда журналисты РИА Новости, наши с вами коллеги, а, а, вот выступили с такой инициативой."
572.48,"По сути, она была, ну, можно сказать, частной, гражданской."
589.399,Взяли и придумали.
589.399,"раз, э, изображают георгиевскую ленту, почему её не сделать действительно, а, тактильной, э, чтобы можно было её дарить, чтобы можно было её завязывать, чтобы можно было действительно вот так через визуальный образ уже материализованный рассказывать о победе."
589.399,"Я вам хочу рассказать историю о том, как очень кратко о том, как увидев первый раз тогда в 2005 году георгиевские ленты, а, так сказать, изготовленные РИАновости, а я связалась с агентством, будучи ещё совсем молодым сотрудником Министерства иностранных дел."
589.399,"Я не была руководителем, была просто, ну, по-настоящему рядовым дипломатом."
589.399,"И сказала: ""А где можно её взять?"
589.399,""" Они говорят: ""А вам зачем?"
589.399,""" Я говорю: ""Я хочу привести, э, в Соединённые Штаты Америки."
589.399,Я её туда с командировкой.
589.399,"Мы подготовили к 9 мая 2005 года, а выставку детского рисунка в штаб-квартире ООН""."
589.399,"Я говорю: ""Я хочу всем раздавать кёргевские ленты""."
589.399,"Они подумали, подумали, сказали: ""Ну, дело хорошее, мы вам дадим""."
589.399,И по сути это были такие первые ласточки георгиевских ленточек за рубежом вывезены.
589.399,"Ну, а дальше это стало нашей мощной, прекрасной, замечательной традицией, а, которая действительно приобрела и по праву всенародный объединяющий характер."
672.04,"А в 2026 году, несмотря на запреты, козни, травлю, всё равно эта акция пройдёт по более чем тридцати государствам мира."
672.04,"Она будет и в Алжире, и в Угандии, Панаме, Индии, Болгарии, Катари, Египте."
672.04,"Приднестровье, странах СНГ, государствах Ближнего Востока, Африки, Латинской Америки, в Азиатско-Тихоокеанском регионе, даже в странах с так называемыми недружественными режимами акция будет проводиться на площадках наших посольств, русских домов."
672.04,"А в год, ну, если можно так сказать, полного совершеннолетия акций организаторы планируют распространить около 21 млн ленточек."
672.04,Добровольцы работают более чем на 8.
672.04,"000х площадках, включая территории за полярным кругом."
672.04,"Я ещё раз хочу сказать, георгиевская ленточка - это священный символ победы, победа над нацизмом и фашизмом, но это ещё и символ вообще героизма и мужества, которые проявляли наши соотечественники, наши предки, делали это не в агрессивном ключе, а защищая своё отечество."
672.04,"Для миллионов людей, не только в России, но и далеко за её пределами, она олицетворяет и память о павших, и уважение к ветеранам, и гордость за подвиг предков, и, конечно, неразрывную связь поколений, воинскую славу и доблесть, и самое главное, мир."
758.56,"Вы посмотрите, с какой агрессией наши недруги относятся к георгиевской ленте."
764.44,Что это за предмет такой?
764.44,Разве он может чем-то навредить?
764.44,Разве он опасен?
770.839,Разве он несёт какой-то неуважительный смысл?
770.839,"Ничего подобного, ровно наоборот."
776.199,И при этом это вызывает у них такую агрессивную ненависть.
776.199,С чем это похоже?
781.92,На что это похоже?
781.92,С чем это можно сравнить?
781.92,"На мой взгляд, действительно, со святой водой."
781.92,"Ничего плохого она не делает, но как только она на нечисть попадает, она начинает эта нечисть шипеть и уползать."
796.72,"Поэтому спасибо большое ребятам из Удмуртии за то, что первое, что они сделали, ну, желание рассказать о своём крае, они подарили мне героевскую ленту и рассказали о том, как эта акция будет проходить в Удмурти."
814.36,"А, но я думаю, что и многое другое мне сегодня тоже ещё расскажут."
814.36,Планы у меня огромные.
814.36,"Ну и у нас есть такая традиция, а рассказывать о международных и межрегиональных связях, ну, а также особых достопримечательностях культуре и традициях Удмурской республики."
814.36,"Я это сделал вначале так достаточно эмоционально, а теперь хочется с цифрами и фактами."
814.36,"Удмурская республика - динамично развивающийся субъект Российской Федерации с высокотехнологичной экономикой, выстраивающей свои внешние связи с учётом более тесного взаимодействия с дружественными государствами."
814.36,"А просто хочу напомнить, что регион успешно сотрудничает с более чем 85 государствами мира."
814.36,"А каковы же приоритетные партнёры Удмуртии - это страны СНГ, Ближнего Востока, Африки, Азиатско, Тихоокеанского региона."
814.36,"За 9 месяцев прошлого двадцать пятого года торговый оборот увеличился по сравнению с аналогичным периодом 24 года на 12,5, даже более того, 12,6% и составил 576,2 млн долларов."
814.36,"Основные экспортные поставки осуществляются в Казахстан, 28,2%, Белоруссию 20,6%, Турцию 15,2%."
891.0,"В торговых позициях преобладают машины, оборудование, транспортные средства, металлы, изделия из них древесина, целёзно-бумажные изделия, продовольствие, сельскохозяйственное сырьё."
891.0,Больше всего товаров республики завозят из Китая.
891.0,"Это 67,4%, Белоруссия опять же 10,5% и США 5%."
891.0,Развитие внешних торгово-экономических связей Удмуртии основывается на 14 соглашениях о сотрудничестве среди партнёров региона Беларуси.
891.0,"Казахстан, Китай, а Узбекистан, ЮАР."
891.0,И при этом Удмуртия активно расширяет географию контактов.
891.0,"В двадцать пятом году состоялись рабочие визиты, в частности, заместителя председателя правительства, э, в Казахстан, Белоруссию."
891.0,"делегацию Удмуртии побывали с бизнес-миссиями в Бахрейне, Казахстане, Эмиратах, Саудовской Аравии, Узбекистане, а также и регион посетили делегации предпринимателей из Казахстана, Киргизии, Китая, Монголии, Турции."
891.0,"В текущем году деловые поездки намечено осуществить также Белоруссию и Вьетнам, Индию, Индонезию, Эмираты и Узбекистан."
891.0,"А я уже сказала, но давайте к этой теме ещё раз вернёмся."
891.0,Удмурдская республика.
891.0,"а самобытный регион, который привлекает гостей и своей фантастической живописной природой, и древними обычаями, уникальной истории и, конечно, богатейшей культурой."
891.0,На её территории расположены более 2.
891.0,000 объектов культурно-исторического наследия и природных достопримечательностей.
891.0,"Ещё раз, 2."
891.0,"000- это к вопросу о том, как выстраивать туристические маршруты."
891.0,"А наши люди любят, э, ездить, смотреть."
993.24,"Вообще туризм, мне кажется, вот, так сказать, тоже наша такая хорошая, добрая традиция."
993.24,А вас ждут в Удмуртии 2.
993.24,"000, повторю ещё раз, объектов культурно-исторического и наследия и природных достопримечательностей."
993.24,"Здесь действует семь театров, 42 музея, а 552, называется это таким бюрократическим языком культурных досуговых учреждений, но мы понимаем, о чём идёт речь."
1019.68,Г гастрономические изыски Удмуртии вас ждут.
1019.68,"Разнообразие туристических ресурсов, туристских ресурсов даёт возможности для развития популярных направлений туризма, а и культурно-познавательного, и гастрономического, ещё раз подчеркну, а различных, ну, в том числе или, в первую даже очередь активных, спортивных видов и так далее."
1019.68,"Ну и, конечно, экологический туризм."
1047.199,"Республика предлагает уникальные маршруты по заповедным зонам, национальным паркам."
1047.199,"А вот, например, туристский комплекс Удмурдий состоит из почти 2."
1047.199,500 объектов различного назначения.
1047.199,"А, и многие из них связаны с людьми выдающимися."
1047.199,"Здесь расположен музей усадьбы, как я уже сказала, Петра Ильвича Чайковского Воткинск, музейно-выставочный комплекс имени Михаила Тимофеевича Калашникова."
1073.12,Уникальная коллекция стрелкового оружия завода Ижмаш.
1073.12,"Архитектурные памятники купеческого города Сарапула, один из крупнейших в России."
1073.12,Государственный зоопарк Удмуртий тоже вас ждёт.
1073.12,"Я всего этого, к сожалению, сразу посетить не смогу, но многое в программе уже есть."
1090.559,"Ну и, конечно, отдельно упоминания заслуживает этнографический туризм как один из наиболее востребованных среди знаковых объектов архитектурный этнографический музей заповедник а ладорвая, центр национальной культуры, центр удмурской культуры БГ, историк историко-культурный парк Дондадыр, Дондыд, сейчас."
1111.84,"Дондедор, правильно, Дондедор."
1111.84,"Всё, теперь правильно."
1111.84,мне помогли.
1111.84,"И, а, конечно, элько, а, так сказать, объекты в статике, но это ещё активное их, а, задействование в а различных фестивалях, фестивальной жизни, конференциях и так далее."
1111.84,"Вот, например, а, ежегодный фестиваль, аэ, музыкальный фестиваль, который называется На родине Чайковского или, например, театральный фестиваль Тукфест или Международный фестиваль циркового искусства, финугорские этнокультурные фестивали."
1111.84,"А, конечно, они направлены в первую очередь на сохранение самобытной культуры удмурского и родственных народов."
1111.84,"В том числе к этим мероприятиям можно отнести и международный фестиваль финоугорской кухни Бык-бык, фестиваль Сказочный герой на родине Толбабая, Гуртфест, Воршут и а Полызян."
1171.96,"Я хочу сказать, что для этого, конечно, нужно сюда приехать, но в том числе я с местными достопримечательностями гастрономии была знакома и в рамках выездных фестивалей, потому что вот Муртия в них активно участвует."
1189.12,"Ну и к главному, конечно, Родина Пельменей."
1189.12,"Вот многие сражались за это потрясающее звание, я знаю, какие у нас баталии, но в хорошем смысле слова."
1189.12,"идут с китайцами, но всё-таки побеждает в этом смысле Удмуртия."
1189.12,Ежегодно в январе здесь проходят всероссийский этногастрономический фестиваль Всемирный день пельменя.
1189.12,"А собираются, между прочим, не только попробовать, но собираются настоящие профессионалы, а-а, так сказать, пельменного дела из многих регионов страны, от Арктики до Камчатки."
1224.08,Ну и десятки тысяч посетителей.
1224.08,"В течение недели гости могут попробовать различные варианты а пельменей, посетить мастер-классы по приготовлению пельмени разных народов, а из разных регионов России и из других стран, поучаствовать в мероприятиях и обширной культурной программы."
1224.08,Тоже к вопросу о вашем планировании туристических маршрутов.
1251.12,"А я теперь хочу сказать не только про Удмуртию, но и про Министерство иностранных дел в этом контексте."
1251.12,"А российский МИД поддерживает стремление руководства всех регионов, но и, в частности, Удмуртии, бизнес-сообщество к расширению круга экономических партнёров, укреплению культурных, гуманитарных связей."
1251.12,"И поэтому практическую помощь в этом администрации Удмуртии мы оказываем, так сказать, реальную, а оказываем через Ижевское отделение представительства МИТ России в Нижнем Новгороде и готовы к самому тесному взаимодействию дальше."
1289.159,"И а мы ещё, я думаю, учитывая большое количество представителей, а средств массовой информации Удмуртии к теме этой вернёмся и я имею в виду нашего взаимодействия."
1307.32,И теперь хочу перейти к нашей актуальной международной повестке и начать с графика министра иностранных дел России Сергеевича Лаврова.
1307.32,"27 апреля в атриуме корпуса 1 Министерства иностранных дел России состоится церемония открытия выставки, которая будет посвящена столетию установления дипломатических отношений между Россией и Саудовской Аравии."
1329.4,С приветственным словом к гостям обратится глава российского внешне-политического ведомства Сергеевич Лавров.
1329.4,"А в само мероприятии примут участие послы арабских, других дружественных государств, представители российского академического и экспертного сообщества, ну и, конечно, парламентских кругов."
1329.4,"А в рамках экспозиции будут представлены ценные фотографии и копии документов архива внешней политики Российской Федерации и национального архива дары имени короля Абдальазиза, посвящённой истории Российско-саудовских отношений."
1329.4,"Напомню, начало им было заложено в феврале 1926 года, по этому и столетия."
1329.4,А с 29 по 30 апреля министр иностранных дел России Сергей Лавров посетит специальным визитом Остану.
1329.4,глава российского внешнеполитического ведомства будет принят президентом Республики Казахстан и проведёт переговор с министром иностранных дел этой страны.
1329.4,"Основное внимание в ходе встреч будет уделено вопросам укрепления двустороннего всеобъемлющего стратегического партнёрства, союзничества, в том числе в свете предстоящих контактов на высшем уровне."
1329.4,"В таком контексте предполагается рассмотреть вопросы двусторонней повестки дня, а именно уплотнение связи в политической, торгово-экономической, культурно-гуманитарной сферах, взаимодействие на общих интеграционных площадках."
1329.4,"Прежде всего это ЕАС, ОДКБ, СНГ, ШОС."
1329.4,"Ну и, конечно, министры обменяются мнениями по представляющий взаимный интерес региональной повестки дня."
1329.4,"Сверят часы, как говорят дипломаты, по наиболее актуальным международным проблемам."
1329.4,"Теперь переходим непосредственно к темам э международной повестки, ну и, собственно, геополитическим процессом."
1427.24,Ситуация вокруг Украины.
1427.24,"Киевский неонацистский режим продолжает массированные террористические атаки против мирного населения, против гражданской инфраструктуры нашей страны."
1437.72,За минувшую неделю от обстрелов и беспилотников у корнацистов пострадали порядка 130 мирных жителей.
1437.72,"Из них 10 человек, включая одного ребёнка, погибли не менее 120 человек, в том числе семеро детей, раненые."
1456.48,"Это к вопросу о том, как международное сообщество якобы заботится о правах человека, судьбах детей, как они принимают декларации, заявления о резолюции на этот счёт каким-то удивительным образом, как зачарованные, как заколдованные, не видя реального положения дел."
1456.48,А я им приведу факты.
1456.48,Белгородскакуя область.
1456.48,"С 15 по 22 апреля в результате атак дронов погибли два человека, свыше десяти раненыя, среди них десятилетняя девочка."
1496.44,"Брянская область, 18 апреля, от удара дрона по пассажирскому автобусу."
1496.44,"Причём наводчики знали, что этот автобус пассажирский, гражданский."
1496.44,Он везёт мирных жителей э в село в селе Чернооково.
1496.44,"Так вот, там погибла женщина."
1496.44,Ещё одна женщина получила ранение.
1496.44,С 18 по 19 апреля в различных населённых пунктах региона из-за налётов беспилотников пострадали пять человек.
1522.799,Один из них погиб.
1522.799,"Напомню, речь идёт о Брянской области."
1522.799,А 20 апреля в селе Курковичи погибла женщина.
1522.799,"Она наступила на мину, ту самую мину лепесток, которую киевский режим раскидывает, раскладывает везде, чтобы вот так ударять по мирным граждам."
1522.799,"Они знают, что они действуют прицельно по гражданскому населению."
1522.799,"ДНР с 14 по 17 апреля в результате ударов беспилотников были ранены пять человек, в том числе девочкой 2015 года рождения."
1522.799,15 апреля бандеровцы целенаправленно атаковали пассажирский автобус в Горловке пострадали три человека.
1522.799,"Запорожская область, 18 апреля, от удара вражеского беспилотника в городе Днепрорудная серьёзно пострадала пятнадцатилетняя девочка."
1522.799,Краснодарский край.
1522.799,"16 и 20 апреля в результате ночных налётов украинских беспилотников на Туапсе погибли три мирных жителя, в том числе девочка."
1522.799,Ей было 14 лет.
1588.96,"Получили ранение пять человек, включая одного ребёнка."
1588.96,"Нанесён ущерб жилым домам, социальным объектам."
1588.96,"Что-нибудь вы об этом услышали бы, если бы читали западные средства массовой информации или какие-нибудь информационные бюллетени вот этого самого посея Парламентской ассамблеи Совета Европы или какие-нибудь пресс-релизы Европейского Союза."
1588.96,"Вы что-нибудь об этом слышали в заявлениях Урсула Фондерляйн, Кай Калос и вот этого всего, а, Евросоюзовского бюрократического?"
1625.279,"Хочется предоставить здесь слово Владимиру Соловьёву, который правильно подбирает периодические, давая им характеристики слова вот этому всему так называемому, как они себя полагают, цивилизованному, на самом деле, расчелове расчеловечному сообществу."
1643.159,"западных стран, западного меньшинства."
1646.559,"Нет, ничего из этого они не видят."
1646.559,"Но при этом посмотрите, как остро реагируют тогда, когда их называют за их спонсирование прямое, денежное, политическое и в том числе через поставки вооружений более чем агрессивное туристическо-киевского режима нужными и правильными словами."
1646.559,"Посмотрите, как им не нравится."
1646.559,Что ж вам не нравится?
1646.559,Мне хочется задать этот вопрос напрямую.
1646.559,Что же вам не нравится?
1646.559,"Вы же поставляете ваша столица под, так сказать, руководством Брюсселя."
1646.559,"Это делает и Париж, и Рим, и другие есовские страны."
1646.559,"Вы же поставляете киевскому режиму деньги, средства, возможности, развед информацию."
1646.559,Вы политически аплодируете Зеленскому и всей его банде.
1646.559,За что?
1646.559,"За то, что они убивают детей."
1646.559,"За то, что они наносят удары по гражданским объектам."
1646.559,Как вас назвать после этого?
1646.559,"Какие слова мы должны подбирать, чтобы вас не обидеть, что ли?"
1646.559,"Да нет, уж, как говорится, получите и распишитесь."
1724.159,"Вы называетесь именно так, потому что других названий нет для тех, кто использует деньги, вооружения и политические ресурсы для поддержки террористов."
1724.159,"А это террористы, те, кто бьют прицельно по детям, по женщинам, по мирному гражданскому населению, по автобусам и больницам, по остановкам и школам, по детским садам и роддомам."
1724.159,Это террористы.
1724.159,Они не ведут боевые действия в защиту себя.
1724.159,"Они не решают какие-то задачи, связанные с защитой собственного населения."
1724.159,Ничего подобного.
1724.159,"Они собственное население не звели до уровня, как там их Зеленский называл, особей, а потом решили начать уничтожать население и граждан других стран."
1773.919,"Поэтому нет, уж эта стилистика как раз очень подходит всем тем, кто спонсирует террористов."
1786.84,"Вот, кстати, может быть, где-нибудь в Италии, во Франции, Германии, может быть, в Австрии, а называйте любую другую страну Европейского Союза или к нему примкнувшую."
1786.84,"рассказали о том колоссальном экологическом ущербе, которые наносят спонсируемые ими дроны, которые залетают, например, а на нефтехранилища, бензоколонки, бензостанции, так сказать, заправки."
1786.84,"Нет, слова про экологию, про защиту окружающей среды остаются только словами."
1786.84,"Как только дело доходит до реальной жизни, находятся деньги, и никто не задаёт вопрос, куда же они идут и что делать с экологией."
1786.84,"А я расскажу о том, куда они идут, эти самые деньги Европейского Союза."
1786.84,Вот была повреждена это.
1786.84,"Кроме того, что дроны в Туапсе, я имею в виду киевской режимные дроны в Туапсе убили людей, мирное население."
1849.24,Они нанесли ущерб жилым домам и социальным объектам.
1853.12,"Так, была же повреждена инфраструктура морского терминала, что привело к разливу нефтепродуктов в Чёрном море в полутора милях от порта."
1853.12,Что там говорит Европейский Союз на этот счёт?
1853.12,Что говорит НАТО?
1853.12,Ведь Чёрное море омывает берега не только Российской Федерации.
1872.399,"Нет, молчат."
1872.399,А ведь возникла серьёзная экологическая угроза.
1872.399,Площадь загрязнения составила порядка 10.
1872.399,000 м².
1880.36,Где все?
1880.36,"Где вот эти западные экологи, где бесконечные неправительст, так называемые западные неправительственные организации, которые, конечно, спонсируется на государственные западных режимов деньги."
1880.36,Почему же они не замечают этого всего?
1898.519,"Им так нравится заботиться о птичках, рыбках, тиграх, а обитателях флоры и фауны."
1898.519,Где же они все молчат?
1898.519,А почему?
1898.519,"Потому что тогда нужно будет называть вещи своими именами, и тогда стилистика наших общественных деятелей и журналистов покажется им уж не такой далёкой от истины."
1920.559,"Курская область, 17 апреля, в селе Макрушина от удара дрона ВСУ пострадал двенадцатилетний мальчик."
1928.32,"Помните, как западные деятели, государственные, политические выступали или проводили пресс-конференции на фоне плакатов с изображением, ну, например, сирийских детей, говоря о том, какие ужасы якобы с ними творит режим на тот момент Асада."
1945.12,"Ну вот сейчас я перечислил, сколько убитых и раненых детей из-за киевского режима на западные деньги ни один западный политик не распечатал фотографию ни детей, убитых в Туапсе, ни детей, убитых в Курской области, в других наших регионах."
1945.12,Почему?
1945.12,"Потому что тогда им надо будет объясниться, куда же идут эти все самые западные деньги и рассказать правду своим народам."
1945.12,что идут они на убийство детей и мирного населения.
1978.279,Самарская область утром 22 апреля в результате налёта беспилотника на Сызрань были повреждены два многоквартирных дома.
1978.279,В одном из них частично обрушился подъезд.
1978.279,Под завалами погибла девочка.
1978.279,Ей тоже было 12 лет.
1995.36,"Погибла её бабушка, которой она приехала в гости."
1995.36,"12 человек, в том числе двое детей, получили травмы."
1995.36,23 апреля из-за атаки на промышленные объекты в Новокуйбовске погиб один человек.
1995.36,ЛНР 20 апреля в следствие атаки вражеских дронах по частному сектору в центре города Стаханов получили ранение два мирных жителя.
1995.36,"Херсонская область с 18 по 19 апреля от террористических атак ВСУ погиб один человек, ещё пять получили ранения."
1995.36,20 апреля от удара беспилотников по жилому сектору посёлка Великая Лепетиха был тяжело ранен зам главы Великолепетицского муниципального округа Дмитрий Толчеев.
1995.36,"На этом фоне украинские средства массовой информации, Зеленский продолжают тиражировать ложь, обвиняя, вы представляете, до чего они дошли?"
1995.36,Россию в якобы преднамеренных ударах по мирному населению.
2049.359,"Ну это же не первая ложь, как мы понимаем, не последняя."
2049.359,"Хотел бы вам вновь напомнить, что в отличие от ВСУ, российские вооружённые силы наносят наносят удар исключительно по военным целям."
2049.359,"Жертвы и раненые среди гражданских лиц Украины - это результат циничного размещения использования бандеровцы бандеровцами систем ПВО в жилых кварталах, а, ну, и, соответственно, их неумелого применения."
2049.359,Они же специально это делают.
2049.359,Они же привыкли прикрываться мирными жителями для реализации своих преступных целей.
2049.359,"В то же время приводимые нами факты убедительно свидетельствуют о том, что именно боевики Киевского новонацистского режима ведут терористическую войну против мирных российских жителей, включая женщин, детей."
2049.359,"Они без колебаний открывают огонь по роддомам, больницам, детским садам, школам, магазинам, жилым домам."
2107.92,"Так что самое удивительное, но на самом деле мы этому не удивляемся."
2112.44,"Они же своих собственных жителей, своих собственных граждан, своих собственных соотечников никоим образом не жалеют."
2112.44,"Не жалеют вот так вот, проводя на Украине мобилизацию, тире мобилизацию, не жалеют, когда размещают свои системы ПО в жилых кварталах или рядом с социальными объектами."
2112.44,"не жалеют, когда кидают на мясные штурмы в ВСУ тех, кто вообще не понимает даже, где оказался."
2142.48,"Не жалеют тогда, когда киевский режим их обкрадывает."
2142.48,"Ну, об этом мы сегодня ещё поговорим."
2148.48,"Нет, на они их не жалеют."
2148.48,"Они, наоборот, ими прикрываются и как живым щитом и просто используют как пушечное мясо."
2148.48,Они в первую очередь хладнокровно уничтожают граждан своей собственной страны Украины.
2166.359,"Ну, про политические репрессии мне и говорить не приходится, которые происходят на Украине."
2166.359,"Людей просто называют агентами, как там формулируется о России, вешают ярлык и дальше они пропадают где-то там в застеках Банковой."
2180.599,"Но за все эти преступления киевский режим и его реализаторы несут соответствующие наказание, потому что российские правоохранительные органы продолжают сбор доказательств для привлечения украинских боевиков и иностранных наёмников к уголовной ответственности."
2180.599,"Так вот, за совершение теракта в Курской области к 16 годам лишения свободы каждый очно приговоренные украинские боевики Андрей Бунько, Антон Зайцев, Василий Иваницкий, Андрей Шкверко к пнаца годам Андрей Гринчишин приговорён."
2180.599,Наказание в виде пожизненного заключения заочно назначено осуществлявшему в декабре двадцать четвёртого года и в мае двадцать пятого года туростическую деятельность в Крыму командиру ВСУ Александру Шепцову.
2180.599,В результате совершённых по его приказу ракетных ударов погибли люди и причинён значительный ущерб.
2180.599,Он объявлен в международный розыск.
2180.599,Ну теперь посмотрите на так называемую мирную риторику.
2180.599,"Берём, конечно, слово в кавычки Зеленского."
2180.599,"Он же всё время объезжает в столицы различных стран и говорит о том, что очень сильно хочет мира."
2180.599,"Правда, занимается терроризмом."
2246.079,Вот посмотрите его прямую речь.
2246.079,Он отметился рядом резонансных заявлений на тему так называемая российской угрозы.
2254.76,"Началось всё с высказывания о Белоруссии, где, по его версии, по версии Зеленского, в непосредственной близости от границы с Украиной ведётся строительство дорог, артиллерийских позиций, ну и так далее."
2254.76,"Был сделан однозначный вывод Зеленским о планах, ну, якобы планах Москвы втянуть своих ближайших союзников в боевые действия против киевского режима."
2254.76,Но дальше больше.
2254.76,"Вы же знаете, Зеленского в этом смысле его ложь остановить невозможно, когда он завёлся."
2254.76,"Он стал утверждать, что Россия намерена, это прямая цитата, якобы контролировать всех своих соседей и решать, какой должна быть безопасность в Европе."
2254.76,"Ну, то, что он-то не очень всем понятно, но на кого это рассчитано?"
2296.72,"Все эти годы, я бы сказал, десятилетия Россия только и делала, что призывала Европейский Союз, в том числе и, кстати говоря, и НАТО призывала выстраивать общую неделимую безопасность."
2296.72,"Но тут выходит представитель Банковой Зеленский, говорит о том, что якобы Россия, а действует ровно в противоположном ключе."
2296.72,"В его логике, аа вообще выстраивать безопасность а на европейском континенте можно только, это опять же из его заявлений, с позиции силы, нормальная безопасность."
2329.599,"Раз так, то опять же, исходя из заявления Зеленского, необходимо наращивание военных мускулов."
2329.599,"Но он-то нарастил, и мы видим, что с этим происходит."
2340.4,"А, рассуждая в подобном ключе, он усмотрел некие признаки скорого объявления в России, это опять же прямая цитата из Зеленского, большой мобилизации для якобы готовящегося масштабного наступления на Украину или на другую, как он сказал, европейскую страну."
2340.4,Зачем он это делает?
2340.4,"Ну, во-первых, понятно, потому что происходит чудовищная могилизация, а, граждан Украины силами их вот этих вот, а, так сказать, ну, действительно, кроме слова людолов, никакое другое не подходит, не подходит."
2375.88,"И таким образом своим гражданам Украине Зеленский хочет показать, что, мол, вы должны осознать, для чего вас в ряды и на передовую кидают, потому что аналогичные процессы якобы будут происходить в России."
2375.88,Но даже не это для него главное.
2375.88,Для него главное не его внутренняя аудитория.
2375.88,Она бы имела для него значение.
2375.88,"Если бы он предполагал идти на выборы, он бы задумывался о том, какой резонанс производит его впечатление."
2375.88,Но он же не идёт ни на какие выборы.
2375.88,"Соответственно, никакая реакция его собственных граждан его не волнует."
2375.88,"Поэтому говорит он всё, что хочет."
2375.88,"А главноя его аудитория - это, конечно, западники."
2415.48,"И вы задайте вопрос, почему он, собственно говоря, говорит о том, что Россия якобы хочет напасть на другую европейскую страну."
2415.48,"А он в других своих заявлениях поясняет, он хочет привлечь к себе внимание западных партнёров."
2415.48,"Он хочет убедить их любой ценой, не пересматривать объёмы помощи Украине."
2415.48,"Он хочет сделать так, чтобы западные страны, прежде всего Западная Европа, не считалась ни с какими издержками, в том числе и с собственными проблемами, проблемами собственных граждан, которые требуют действительно срочного решения."
2454.52,"Его неуёмное иждевенчество давно стало, по сути, государственной политикой банковой, государственной политикой современной Украины."
2454.52,Они привыкли жить на широкую ногу.
2454.52,Они привыкли теперь уже диктовать условия западникам.
2454.52,"Они, мне кажется, считают, что Западная Европа, Европейский Союз заражены Стокгольмским синдромом."
2454.52,"Они как бы полюбили тех, кто их третирует."
2454.52,"Вот мы сопротивляемся тех, кто к нам относится агрессивно, неуважительно."
2454.52,Нам это не нравится.
2454.52,"А Западная Европа под гнётом своей, а, якобы толерантности и вот этой самой новой этики просела."
2454.52,"Они возлюбили того, кто их, по сути уничтожает."
2454.52,"Нет, они не возлюбили своего врага некой христианской любовью."
2454.52,"Они, если бы так сделали, то перестали бы снабжать его оружием."
2454.52,"Они бы сказали то, что туристические акты, агрессия, национализм, перешедший в неонацизм, это плохо, но нет, они возлюбили его как раз-таки любовью жертвы, которая не имеет другого выхода."
2454.52,Он поставил их в состояние абсолютной зависимости и подчинённости.
2454.52,"И что самое интересное, он ведь этого не скрывает."
2543.2,"Вот послушайте, что он говорит."
2543.2,"И сказал Зеленский это своему же собственному краинскому телеканалу прямая цитата, ещё раз подчеркну, из Зеленского."
2543.2,"Чтобы получить ракеты, - сказал Зеленский, - будем договариваться покупать."
2543.2,На какие деньги покупать?
2564.04,"Покупать на те же деньги, которые он у них и выгребает."
2568.839,"собирать, менять, даже и теперь внимание шантажировать."
2574.24,Вот он этим и занимается.
2574.24,"И когда он рассказывает небылица о том, что Россия якобы хочет напасть на страны Европы, он это делает именно для того, чтобы шантажировать."
2574.24,Что такое шантаж?
2586.8,Запугивание.
2586.8,Он запугивает их.
2590.44,"В конце марта норвежский портал Стейган, Штейгн, Стейгн, по-разному можно произносить, констатировал, что планы Украины продавать оружие, которое она так выпрашивала, только вдумайтесь, продавать оружие, которое она же и выпрашивала, идут в разрез представлением о всей военной поддержке киевского режима со стороны Запада."
2590.44,"Вот эти самые западные журналисты из Стейгана, а написали, что за срочной помощью Украине, как она формулирует в борьбе за свободу, скрываются на самом деле планы по интеграции европейской и украинской оружейной промышленности."
2590.44,"Вот принимает цитату из этого самого материала: в мире нет более коррумпированного сектора, чем оружейная промышленность."
2590.44,"Некоторые будут утверждать, что экспорт вооружений укрепит казну Украины"", - пишут западные же журналисты."
2590.44,"Но никто не имеет ни малейшего представления, чьи карманы наполнятся этими доходами на самом деле."
2647.92,Давайте ещё раз остановимся на этом.
2651.04,"Если бы киевский режим решил себя защищать, он, наверное, просил бы оружие, наверное, бы его просто применял."
2651.04,"Но нет, киевский режим употребляет оружие для ведения туростической деятельности, как на территории европейского континента, так теперь и на других континентах."
2651.04,"В частности, и, наверное, это, к сожалению, деятельность террористическая станет ещё более масштабной на территории Африки."
2678.359,Но есть следующая тенденция.
2678.359,Киевский режим для чего используют именно туристические методы?
2678.359,"В том числе для того, чтобы заморать так называемых европейских партнёров этой самой кровавой круговой порукой, чтобы мы было просто некуда деваться."
2697.76,"А теперь посмотрите, к чему они пришли."
2697.76,"Они пришли к тому, что путём манипуляции и вот этого замарывания в террористическую деятельность, затягивание, киевский режим не только выпрашивает оружие у Европейского Союза и НАТО, теперь он начинает его продавать."
2718.839,Где же получается защита украинских граждан?
2718.839,"Где же охрана там украинской, как они говорят, там свободы, незалежности и так далее?"
2718.839,Нету ничего этого.
2718.839,"Есть колоссальная коррупционная, замешанная на крови и оружии схема, по которой деньги распиливаются и возвращаются, в том числе, тем, кто их киевскому режиму выделяет."
2718.839,"А теперь ещё и оружие будет продаваться, в том числе и, как они говорят, легально."
2751.88,"Вот посмотрите, ещё один интересный пример."
2751.88,"18 ноября двадцать пятого года американский журнал, а Responsible State Crafts сообщил, что след от украинской коррупции ведёт к экс-директору Нет, теперь уже не банка или финансовой структуры, биржи или какой-нибудь торговой сети, а экс-директору ЦРУ и бывшему госсекретарю США Майку Помпео."
2751.88,"В двадцать пятом году он стал консультировать украинскую военную фирму Firepint, которая оказалась под подозрением в систематических спекуляциях и завышении цен."
2751.88,"Это предприятие также обвинили в связях с соратником Зеленского, а, Тимуром Миндичем."
2751.88,"Помните, вот тот самый Мидич, который стал фигурантом мирового коррупционного сканда скандала, а который стала скал, э, стала называться-э соответствующим образом с использом его же фамилии, дела Миндича, он или вот эти структуры заработали в двадцать пятом году окол долларов."
2751.88,"А фаит, за которым стоит по данным западных американских же журналистов Помпео, теперь строит завод в Дании."
2827.28,До чего?
2827.28,Да никогда не устраивал очень многих мир на европейском континенте.
2835.04,Бойн на европейском континенте становилась поводом для обогащения многих за его пределами.
2844.64,Ну и посмотрите ещё на вот эту словесную эквилибристику.
2849.96,Вот рассуждение о некой евроинтеграции киевского режима Украины.
2849.96,А в Киеве по-своему озвучивают идею евроинтеграции Украины.
2849.96,"21 апреля опять же Зеленский, опять же в средствах массовой информации Украины заявил, что прямая цитата, союз Украины, Норвегии, Британии, Турции сделал бы Европу сильнейшей в мире или там сильнейшим в мире и регионе."
2877.44,"Это четыре страны, которых не хватает Европейскому Союзу."
2877.44,Кто сказал?
2877.44,Сказал Зеленский.
2877.44,"То есть это человек, которому народ Украины верил в свою страну."
2889.359,"чтобы хотя бы, ну, как бы вывести на какой-то истинный путь экономического развития."
2889.359,"И этот же человек Зеленский обрушил всё: промышленность, науку, образование Украины, экономику, финансы, превратив её просто в отмывочную."
2889.359,"Аа только отмывают они там не просто средства, они их отмывают в кровавой воде эти самые миллионы и миллиарды."
2889.359,"И этот человек говорит о том, что знает, как сделать европейский континент сильнее."
2922.4,"Ну, ему, видимо, можно верить, да?"
2924.2,Только наоборот.
2924.2,"Слушай, как говорит Зеленский, делай всё иначе."
2929.72,О чём на самом деле говорит Зеленский?
2931.839,"Это не он говорит, это через него пробрасываются мысли какие."
2931.839,"Очевидно, планы создания в Европе озвучиваются о формировании нового военного блока."
2931.839,Аа и делает это таким образом Зеленский.
2931.839,"А, фантазируя на тему объединения, а, нет, не стран в экономическом плане или финансовом, или культурно-гуманитарном, а объединение милитаристских потенциалов континента в некий один кулак."
2969.68,"Естественно, с его точки зрения, во главе этого объединения кто должен стоять?"
2975.359,"он с Украиной, которая превратилась вот в это самое террористическое, так сказать, подполье мировое."
2975.359,"А и дальше он всем обещает, он как бы продаёт эту идею, а пойдёт, так сказать, походом на Россию для нанесения, как они сформулировали нашей стране, стратегического поражения."
2999.559,"А причём он как бы продаёт эту идею, а в отрыве от Соединённых Штатов Америки."
2999.559,"То есть как бы этот это объединение, оно будет чисто европейским."
2999.559,"Вот такая, знаете, как бы силовая структура."
3014.799,"Ну это всё вот если отмотать пару лет назад, как бы предлагается в качестве альтернативы тому подходу, который развивала наша страна в виде неделимой общей европейской безопасности."
3014.799,"То есть Россия много лет уговаривала страны Европейского Союза, Западной Европы, объединить мирные потенциалы, сделать общее пространство сотрудничества."
3047.119,"Помните, даже был такой термин введён от Лиссабона до Владивостока для того, чтобы а действовать на пользу не просто гипотетическому миру, да, мирному сосуществованию, а конкретным людям, гражданам."
3061.76,Эта концепция была ими отринута.
3061.76,"И теперь они всерьёз слушают Зеленского, который предлагает им создать некий агрессивный кулак для того, чтобы в центре европейского континента в очередной раз начать кровопролитие."
3078.76,Это безумно.
3081.24,"Киевский режим объективно может экспортировать и распространять наихудшие человекоаненавистнические практики, которые он обкатывает на украинском народе."
3081.24,Вот это он может.
3092.319,"Удивительно, что на Западе этого не понимают или не хотят понять, не хотят вспоминать историю."
3092.319,"Наверное, поэтому они её и переписывали, чтобы ничто не мешало."
3104.2,Ну вот такая они и допереписывались.
3106.079,"Теперь, видимо, вот этого исторического камертона им и не хватает для того, чтобы посопоставить эти безумные идеи с тем, чем они обычно завершаются."
3116.28,Вот ещё одно чудовищное заявление.
3116.28,"А мы обратили внимание на высказывание, а, генштаба ВСУ от 15 апреля о создании при главнокомандувающем Александре Сырском совещательного органа так называемого экспертного совета."
3116.28,Даже имеет английское название.
3116.28,"Английское название, я ещё раз говорю, это в первую очередь имму и нужно английское название для того, чтобы апеллировать не к своему народу, а к западникам."
3116.28,Light reform and expert support.
3116.28,И должно это всё быть сформировано под председательством бывшего заместителя главкома объединёнными вооружёнными силами НАТО в Европе.
3116.28,Он им был в период с 2011 по 2018 по 2014 годы британского генерала Ричарда Ширефа.
3116.28,Представляете?
3166.16,То есть Украина призывает создать совещательный орган.
3175.559,чтобы его возглавил.
3175.559,"Нет, не гражданин Украины и не украинец и не украинский политический, общественный или военный деятель, а британский."
3186.68,"Сообщается, что в эту структуру также вошли другие западные военные, как говорится, вот прямая цитата, с уникальным боевым и управленческим опытом."
3197.559,Это какой такой уникальный управленческий боевой опыт у них имеется?
3197.559,"Мне просто интересно, где те самые примеры в современной истории, которые бы говорили о том, что действительно у западников этот опыт есть, где они навели порядок, где они воссоздали мирную жизнь."
3197.559,Нигде.
3214.799,"Так вот, кто же эти уникальные специалисты?"
3218.48,"Экс-директор ЦРУ, он им был с одиннадцатого по двенадцатый год, генерал Дэвид Петриус, бывший заместитель Верховного главкома НАТО по вопросам трансформации, Менфред Нисон, представитель ФРГ."
3218.48,"Экс-заместитель начальника штаба военно-морских сил Британии, он им был с двадцать второго по двадцать пятый года."
3218.48,эксзаместитель начальника штаба военно-морских сил Великобритании.
3218.48,"А, ну я уже о нём уже говорил вице-адмирал Мартин Джон Кононл, представитель военно-морских сил Норвегии в структурах НАТО."
3218.48,"А комадор Ганс Хелсет, экс-командующий сухопутными войсками вооружённых сил Канады."
3218.48,Он и был с 2006 по 201 годы.
3218.48,"Эндрю Лесли, бывший командующий объединённой оперативной группировкой Север вооружённых сил Канады."
3218.48,Он и был с семнадцатого по двадцатые годы.
3264.76,Генерал-майор Патрик Карпентие и эксзамначальника Генштаба вооружённых сил Словакии.
3264.76,Он им был с тринадцатого по восемнадцатые года.
3264.76,Павел Мацко.
3264.76,"Хорошая, да, группа экспертов, прекрасная."
3264.76,"Сколько людей они спасли, как много конфликтов они завершили, как в каком количестве стран они помогли преодолеть какие-либо чрезвычайные ситуации."
3264.76,"Конечно, я иронизирую, потому что они не сделали ничего из этого, они сделали только ровно противоположное."
3298.319,"Число в числе функции совета названо, например, повышение эффективности ВСУ, обеспечение их потребностей."
3305.559,консультативночательная поддержка и трансформация армии.
3310.88,Что же мы видим?
3310.88,"Мы видим то, что создаётся бутафорское прикрытие реально действующему или, лучше сказать, реальному полу действующих и высокопоставленных офицеров стран НАТО, которые теперь будут работать в генштабе ВСУ."
3310.88,"То есть их внедряют для не для консультаций, не для советов, не для того, чтобы они, а, повышали инвестиционную привлекательность."
3342.16,Украины.
3342.16,"Их внедряют для того, чтобы они в ручном режиме руководили ВСУ украинской, так сказать, военщиной, чтобы они участвовали в планировании, подготовке и осуществлении."
3356.72,"Нет никакого-то теоретического укрепления или повышения боевого духа украинца для того, чтобы они руководили и совершали операции террористического характера, террористической направленности против России с использованием поставляемых киевскому режиму западных вооружений."
3376.559,"Ну, помимо всего прочего, об этом говорил неоднократно президент Российской Федерации, министр обороны нашей страны, министр иностранных дел, эти западные вооружения поставляются, и они требуют не только использования, то есть они без инструктажа западного просто невозможны к употреблению."
3394.039,"Поэтому теперь они будут непосредственно, я име в виду виду западники, натовцы, присутствовать на территории Украины под прикрытием некой консультативной истории."
3394.039,на самом деле быть высокопоставленными а руководителями использования западных же вооружений.
3412.839,"То, что Запад воюет против России руками Украины, ни для сего ни для кого не секрет."
3419.839,И теперь об этом уже прямо говорит сам Зеленский.
3419.839,"А прямая цитата, позволю себе ещё одну."
3428.64,"Британия, Норвегия, Нидерландыя, - говорит Зеленский, имеющий большой опыт в развитии собственного морского флота, поделились с Украиной технологиями и помогли ей создать флотилию безэкипажных катеров на море."
3428.64,"Иными словами, поставили киевскому режиму свои наработки в этой сфере и довели их до ума в боевых условиях."
3428.64,"Поэтому ответственность за последствия применения таких якобы украинских беспилотников, как на море, так и на суше, в равной степени несут те, кто вооружает ими нанацистский режим Зеленского."
3428.64,"Это не только указанные высшестраны, но и другие участники так называемой дроновой коалиции."
3468.68,"Ну и, конечно, самое я бы сказала не смешное, но циничное."
3468.68,16 апреля в Нидерландском городе Медльбург прошла церемония вручения международной награды премия четырёх свобод.
3468.68,"Её присуждают за значительный вклад в защиту четырёх свобод, а которые были провозглашены президентом США Рузвельтом."
3468.68,Что же это за свобода?
3492.44,Свобода слова иражения мнения.
3492.44,Свобода вероисповедания.
3492.44,"Вы запоминаете, это важно."
3492.44,А свобода от нищеты и свобода от страха.
3504.96,"Как вы думаете, кто же оказался среди лауреатов этой самой премии?"
3510.72,Зеленский.
3510.72,"Он, конечно, освободил народ Украины, повторю ещё раз, от свободы слова, от свободы веры вероисповедания, нищеты и страха."
3510.72,Он действительно граждан Украины от всего этого освободил.
3510.72,"Теперь у них нет свободы слова, свободы вероисповедания."
3534.88,Теперь у них нищета и страх.
3534.88,Вот это он действительно сделал.
3534.88,"Только мне кажется, за это нужно давать не премию четырёх свобод."
3534.88,"Я думаю, что за это даже премию четырёх сыров нельзя давать."
3546.88,Это цинизм и лицемерие высшей марки.
3546.88,"Это тот самый человек, под под руководством которого его головорезы убивают журналистов."
3546.88,"Это тот человек, под руководством которого его головорезы изгоняют из храмов и монастырей представителей православной церкви."
3566.52,"Глумятся над православными христианскими святынями, а уничтожают, просто уничтожают Украинскую православную церковь, издеваются над паствой."
3581.079,Про нищету что-нибудь нужно мне сказать?
3583.2,"Ведь все эти суммы, миллиарды миллиардов, которые получает киевский режим, они ведь даются под кабальный условия, за которые должны будут потом расплачиваться граждане Украины."
3583.2,"Это же всё в долг, это всё в кредиты."
3583.2,Какие это кредиты?
3583.2,"Вы можете себе представить, кто их будет отдавать?"
3583.2,Как их будут отдавать?
3607.599,"Расплачиваться будут жизнями граждан Украины, украинскими недрами, ресурсами."
3612.92,"и, конечно, плодородной почвой, безусловно, но и, естественно, геополитическим, географическим положением Украины."
3612.92,"Вот это поставлено, а, в обеспечение данных кредитов из-за якобы благополучия украинского народа, свободу от нищеты, Зеленский становится лауреатом этой премии."
3612.92,Свобода от страха.
3612.92,"Эта страна, Украина живёт в постоянном страхе."
3612.92,Люди боятся на улице говорить на родном для себя языке.
3612.92,"Я сейчас говорю не про даже обстрелы, не физическое, так сказать, насилие, связанное с этой самой украинской могилизацией."
3612.92,"Я сейчас говорю только про самое естество человеческой а жизни, про разговор на родном языке."
3612.92,Вот за это теперь даже дети на Украине несут ответственность.
3671.48,"Нельзя говорить на русском языке на переменах, на уроках с преподавателями, в общественных местах, в магазинах, теперь уже в больницах."
3671.48,"И за это тоже он получает, становится лауреатом этой самой премии."
3671.48,"Это, конечно, действительно, мне кажется, из разряда новой, как они на Западе говорят, нормальности."
3671.48,В обычную нормальность это не укладывается.
3697.72,Я повторю ещё раз.
3697.72,Именно киевский режим старательно и методично растоптал и продолжает подавлять на корню какие-либо зачатки свободы в любом контексте.
3708.119,Физически уничтожает в тюрьмах несогласных за любое неосторожное слово.
3712.0,"загнал в катакомб Украинскую православную церковь, ограбил и обрёк население Украины на полунищенское выживание и животный страх без перед безнаказанно разъезжающими по улицами страны Украины, людовами из украинских военкоматов."
3712.0,"Конечно, ещё раз повторю, особый цинизм этой чудовищной по своему лицемерию акции придала фраза нидерландского премьера Роба Еттона о том, что Зеленский это вот представляете люди, которые не просто политические деятели, это люди, которым их народы доверили управление государством или правительством."
3712.0,Что Зеленский Мол согласился принять эту награду только от имени всего украинского народа.
3761.88,"Теперь давайте посмотрим на то, что происходит реально там на Земле, украинской земле."
3761.88,"С начала апреля текущего года украинские территориальные центры комплектования ТЦК, которые вошли уже, мне кажется, в действительно исторические аналы, об этом будут писать книги, как о чудовищном проявлении расчеловечивания."
3761.88,"заметно активизировали мобилизационные мероприятия и сделали это в первую очередь в русскоязычных регионах Украины, Николаеве, Харькове и Одессе."
3761.88,"Резонансные эпизоды произошли во время пасхальных праздников, когда людей отлавливали в разгар, например, богослужение, совершение церковных обрядов прямо на пороге храмов, гонимой режимом канонической Украинской православной церкви."
3815.4,"Лозунги недавно назначенного министра обороны Украины Михаила Фёдорова о комплексной реформе системы воинской мобилизации, ну, буквально только отвлекают внимание рядовых украинсков украинцев, так как темпы загоболения остаются прежними."
3815.4,"В средствах массовой информации упоминаются и о функционировании на Украине, организованных военкоматами неофициальных изоляторов временного содержания."
3815.4,"Вообще представляете, о чём идёт речь."
3815.4,"Но с другой стороны, пару десятилетий назад мир уже приучили к тому, что летающая тюрьма ЦРУ - это как бы даже и норма получается."
3815.4,Почему бы тогда на Украине не создать неофициальные изоляторы?
3857.559,"Вы Вы понимаете, что это настоящее пыточное."
3863.079,"Это это не даже помощ добровольные помощники, да, которые тоже врядли имеют на это какие-то полномочия, а, да, по задержанию людей."
3863.079,"Это пыточные, потому что то, что там происходит, учитывая, что это же не формально, не юридически организованное пространство, а просто, так сказать, где пришлось, там людей и держат."
3863.079,"Представляете, что там происходит?"
3892.599,"Один из таких объектов, как сообщается, действует в городе Сумы, где в условиях, сравнимых с концлагерем, мобилизованных, как там говорят в в ТЦК, убеждают пополнить следы штурмовых рот."
3908.039,"А фильмы ужасов, которые снимали в Голливуде, меркнут по сравнению с тем, что происходит сейчас на Украине с учётом вот этой самой украинской мобилизации действий ТЦК и абсолютного юридического правового беспредела."
3920.319,Лозунги недавно назначены.
3920.319,"Да, я вот уже сказала, что эти все лозунги, они только прикрывают, то есть говорится, а на уровне украинского как бы правительства силовых структур одно, а на самом деле происходит абсолютный беспредел."
3936.559,"А вот что самое интересное, доходы военкомов на Украине, судя по обсуждаемым в соцсетях новостям, растут в геометрической прогрессе."
3936.559,С двадцать второго года они обогатились на сумму от 6 до 8 млрд долларов.
3953.48,"Приводится по счёту, согласно которым в случае снижения возраста мобилизации перехода к массовому рекрутированию женщин на Украине Людоловы и их покровители будут зарабатывать до 5 млрд долларов в год, то есть в два или в 2 с по раза больше."
3953.48,То есть это ещё один прогон денег.
3971.68,"Только эти деньги идут непосредственно для того, чтобы набирать тех, у которых нет не то, что там, знаете, чести, совести, а у которых, наоборот, присутствует абсолютно маниакальная жестокость, необходимая для такого издевательства над людьми."
3990.88,"На Украине открыто говорят, что на фронте воюет беднота, а что богатые отсиживаются либо в тылу, либо за рубежом."
3990.88,"Что ж тут говорить открытое, так всем известный факт."
4001.88,"Сама же, так называемая украинская элита, давно прячет своих детей за границы, подальше от творимого украинским режимом, режимом на банковое мракобесия."
4001.88,"Прекрасно, прекрасное интервью недавнее вышло на популярном Украине одном из YouTube каналов."
4018.4,Политическое ток-шоу есть у них.
4018.4,"И там, а, гендиректор Украинской почты, Укрпочта Игорь Смелянский объяснил, причём прямо, не скрываясь, почему его жена и дети живут в Соединённых Штатах Америки."
4035.039,Предоставим ему возможность высказаться.
4037.52,"Ещё раз хочу сказать, прямая речь."
4039.48,"Укрпочта Игорь Смелянский говорит: ""Представьте, если бы мои, то есть его смелянского дети ходили в школу в Киеве, они бы читали всё и подвергались бы булингу""."
4055.16,"""Ну, - говорит Смелянский, дураку понятно, что Украина, где из людей сделали рабов ТЦК и лично Зеленского, не лучшее место для этого""."
4055.16,Конец цитаты.
4064.92,Нормально.
4064.92,Вот он патриотизм.
4069.68,по-украински.
4071.2,"Не, не, не не в сторону народа Украины я это говорю."
4071.2,"Я это говорю о той идеологии, которая сейчас там Нет, она не главенствует, она там бушует."
4071.2,"Вот лучшее слово, наверное."
4071.2,"Свидетелем насилиственной мобилизации украинцев, как сообщают средства массовой информации, на днях стала группа французских журналистов."
4071.2,Они снимали на Украине документальный фильм как раз на эту тему.
4071.2,"А, ну и также этот фильм был посвящён, так сказать, следующему этапу процесса, массовому дезертирству."
4104.44,"Телевизионщики были, как вы думаете, как приняты там, когда местные силовики на Украине увидели и узнали, чем они там занимаются, правильно?"
4104.44,"Они были там не обласканы, они были задержаны сотрудниками ТЦК, а двух сопровождавших их граждан Украины, переводчика и водителя, куда направили?"
4104.44,"Все вместе хором правильно в распределительный отряд, чтобы сразу оттуда отправить на фронт."
4136.64,"Это ни один футурист, ни один писатель, которые который классифицируется или что творчество можно описать как антиутопия, не мог предвидеть."
4136.64,"Мы знаем Орула, мы знаем многих других авторов, которые пытались предсказать, каким будет самое страшное будущее человечества, если оно отступит от ценностей, традиционных ценностей и так далее."
4136.64,Даже они такое предсказать не могли.
4136.64,"То есть представляете, Зеленский получает премию на Западе за свободу слова и четыре свободы, а параллельно те, кто выполняет его приказы, задерживают иностранных журналистов."
4136.64,"А тех, кто из граждан Украины их сопровождал, тут же отправляют в эту самую мясорубку."
4136.64,Как это?
4136.64,"Ведь самое удивительное, что мы действительно находимся сейчас в том историческом моменте, когда аксиомы требуют какого-то доказательства."
4136.64,"В принципе, этих фактов достаточно было бы для того, чтобы всё международное сообщество ужаснулось и отшатнулось от того, что было порождено западниками."
4136.64,"а именно вот это вот украинское террористическое отребие, Банковое, Зеленские и так далее."
4136.64,"Но нет, нам приходится доказывать очевидное, но мы продолжим это делать."
4221.12,"Кстати, интересно, получат ли снятые французскими журналистами аа вот этот самый материал, документальный материал, какой-либо международный приз за свободу или там за достоверность?"
4221.12,"Я думаю, что получат они каких-нибудь тумаков и вот этого агресси и какой-нибудь какой-нибудь агрессивную травлю во Франции, точно такую же, которую получили те французские телевизионщики, которые брали интервью у министра иностранных дел Сергея Лаврова."
4221.12,Это было пару месяцев назад.
4221.12,"Они взяли интервью, они задали те вопросы, которые хотели задать, они задали все вопросы, которые у них были на повестке."
4221.12,Они выпустили интервью главы российского внешнеполитического ведомства.
4221.12,После этого их начали травить во Франции.
4221.12,И теперь я вот сейчас посмотрела интервью посла Франции в России.
4221.12,"Мы же слышим от французского дипломата а ложные упрёки в том, что якобы у нас со свободой там слово как-то не так."
4221.12,"А именно во Франции это свобода слова есть, потому что французские журналисты могут брать интервью у российских представителей."
4221.12,"Да как же они могут брать интервью у российских представителей, когда потом они ещё пару недель должны оправдываться перед всеми во Франции."
4221.12,"Вот это вот этими агрессивно настроенными, так сказать, якобы общественными деятелями, за которыми, конечно, мы знаем, кто стоит."
4308.56,"А в том, что они просто задали вопросы."
4314.44,"Ну, ещё одна схожая тема, связанная и с ситуацией на Украине и даже намного более в широком контексте актуально и важенная, о российских подходах к обеспечению физической ядерной безопасности."
4314.44,"А мы видим всё возрастающую, всё более возрастающие угрозы, физические угрозы в отношении ядерных объектов."
4314.44,"В пер в первую очередь, конечно, Запорожская атомная электростанция, да, и Бушер."
4314.44,"Вы посмотрите, что сейчас делается."
4314.44,"Так вот, мы хотели бы привлечь внимание к основным подходом нашей страны к данной проблематике."
4314.44,Россия придаёт большое значение укреплению физической ядерной безопасности во всём мире.
4314.44,Мы твёрдо исходим из основополагающего принципа международного сотрудничества в области физической ядерной безопасности.
4314.44,"Он предусматривает, что ответственность за её обеспечение на своей территории несёт само государство, которое и определяет оптимальные параметры соответствующих национальных систем и мер."
4314.44,"гатеже, которая часто берёт на себя некие полномочия, которых у него нет у этого агентства, а в данной сфере, на самом деле призваны играть центральную роль, но только в международном сотрудничестве в области физической ядерной безопасности."
4314.44,То есть здесь ударение именно на и подчёркиваю именно международное сотрудничество.
4399.28,Агентство также предоставляет государстм техническую помощь и специальные практические руководящие материалы.
4399.28,"А практическое же обеспечение физической безопасности ядерного иного радиоактивного материала, также связанных с ним установок, это исключительная прерогатива самих государств."
4399.28,Ещё одним важным принципом обеспечения физической ядерной безопасности является поддержание режима конфиденциальности.
4399.28,"террористы, и мы это видим, другие злоумышленники, а, конечно, а могут и стремятся использовать любую информацию, которую они достают на этот счёт в своих злонамеренных целях."
4439.56,"Поэтому они не должны иметь возможность получать данные, информацию о том, какие алгоритмы потенциальных действий преступников, а также конкретные параметры противодействия им используются государствами в рамках проектирования систем защиты."
4439.56,"Одной из применяемых мер также является предотвращение несанкционированного проникновения на территорию ядерных установок, радиационных источников и пунктов хранения, а также доступа к ядерным материалам и радиоактивным веществам предотвращения их хищения или порчи."
4439.56,"Обеспечение физической защиты осуществляется на всех этапах проектирования, сооружения, эксплуатации и ввода в вывода из эксплуатации объектов использования атомной энергии, а также при обращении с ядерными материалами и радиоактивными веществами."
4489.52,"Все ядерные материалы, пункты хранения и соответствующие установки на территории России, а также перевозка ядерных материалов и радиоактивных веществ обеспечиваются всеми необходимыми мерами физической безопасности."
4489.52,"Россия, напомню, является участницей ключевых международно-правовых механизмов данной области."
4489.52,Это и Конвенция о физической защите ядерного материала из учёным поправки 2005 года ядерных установок.
4514.719,Это и Международная конвенция о борьбе с актами ядерного терроризма.
4514.719,"Это резолюция Совета Безопасности ООН 1540 от 28 апреля 2004 года, одним из инициаторов которой была наша страна."
4514.719,"Также в России обеспечение физической ядерной безопасности регулируется, в том числе федеральным законом от 21 ноября 1995 года об использовании атомной энергии."
4542.4,Соседний регион Молдавия.
4542.4,"Мы получаем большое количество вопросов на этот счёт и внимательно следим за развитием ситуации в этой стране, власти которые продолжают отрабатывать русофобскую повестку."
4542.4,Вот посмотрите.
4542.4,"8 апреля президент Молдавии Санду заявила, что прямая цитата Россия представляет угрозу для всех, пытаясь ну это опять же по словам Санду, навязать свою волю путём осуществления неких гибридных действий."
4567.48,"Вы знаете, с одной стороны, ничего нового в этих заявлениях ложных нет, но с другой стороны, мы же видим, почему они делаются, и будем выводить тех, кто об этом говорит, на чистую воду, потому что понятна их мотивация."
4567.48,"Изо дня в день молдавские власти пытаются переложить на нашу страну ответственность за собственные, ну, если раньше мы называли это недоработки и некомпетентны, сейчас просто надо говорить прямо провалы."
4597.84,"А провалы эти буквально во всём, начиная с экологии, заканчивая энергетикой."
4597.84,"При этом в самой Молдавии уже открыто говорят, что страна балансирует на вообще на грани коллапса, продолжает деградировать социальное экономическое положение."
4597.84,Молдавии глубокий кризис переживает сельское хозяйство.
4597.84,"А это Молдавия, аграрная страна, край цветущий."
4618.76,"На фоне роста цен на дизельное топливо более чем на 30%, то есть треть с начала года, э, местные фермеры не в состоянии обрабатывать свои земли."
4618.76,"Согласно социологическим опросам, свыше 70% молдован убеждены, что в условиях топливного кризиса необходимо возобновить диалог с Россией о поставках более дешёвого газа и нефти."
4618.76,"И эксперты указывают на то, что проблемы в сельском хозяйстве обострились после прихода к власти про западных сил в конце двадцатого года."
4618.76,"А вы знаете, почему?"
4649.92,"А это же не только некомпетентность Санду, её правительства, это намеренность в действиях."
4657.4,"Вспомните о том, как поставлено дело с сельским хозяйством в странах Европейского Союза."
4657.4,"Разве может Европейского Союза сама, ну, не знаю, выращивать, а, традиционные виды культур, не знаю, там, в Греции апельсины, там в Польше яблоки, и делать это так, как делали деды, прадеды, вообще предки покон веку?"
4679.36,Не может.
4679.36,"На всё должно быть квотирование, на всё должна быть своя стандартизация."
4679.36,"вспомните, как страны Европейского Союза получали предписание уничтожить посевы, вообще не развивать свои традиционные отрасли для того, чтобы не создавать внутри ЕС неустановленную конкуренцию."
4699.4,Молдавия нужна именно в этом качестве.
4702.92,Не нужна Европейскому Союзу молдавская сельскохозяйственная продукция.
4702.92,"Причём прекрасного же качества не нужна, потому что она будет создавать вот ту самую неустановленную конкуренцию, то есть живую конкуренцию."
4719.52,"Но это же абсурд, скажете вы."
4719.52,"Страны Европейского Союза, а те самые страны, которые выстраивают свою экономику именно на основе честной, свободной конкуренции."
4719.52,"Так было раньше, отвечу вам я."
4719.52,"Теперь мы живём, я имею в виду, они живут, а мы за ними наблюдаем в состоянии, которое называется фразой: ""Театр абсурда""."
4741.52,"Что осталось от свободной конкуренции в условиях не законных, нелегитимных санкций?"
4741.52,"Да ничего, ведь это уже не протекционизм своей собственной экономики, это настоящие инструменты торговых войн."
4741.52,И одно из проявлений этой самой торговой войны - это уничтожение через правительство Санду сельского хозяйства в Молдавии.
4741.52,"Я напомню, сельское хозяйство в Молдавии это не тот жанр или не тот вид, который был привнесён, ну вот там пару десятилетий назад."
4741.52,"Это ипокон веку, традиционный уклад жизни."
4741.52,"Это часть культуры, это часть философии."
4741.52,"Это это то, что в первую очередь мы знаем о молдованах."
4741.52,Кто эти люди?
4741.52,"Это те люди, которые воздеют землю."
4741.52,"Это те люди, которые а выращивают э овощи, фрукты."
4741.52,"Ну мне не надо, наверное, это эту тему развивать."
4741.52,"Это аудитория, наша аудитория с вами."
4741.52,"Мы знаем, о чём мы говорим."
4809.32,"Теперь же под режимом Санду поставлена задача сформировать поколение, новое поколение молдован, которые знать-то этого не должны, которые должны утратить связь не только с нынешней реальностью, но которые должны забыть об исконных корнях и традициях своего народа."
4809.32,"И поэтому постепенно, с одной стороны привносятся ложные ценности и традиции, а с другой стороны разрушается систематически, намеренно."
4809.32,их уклад.
4840.639,Такая участь была уготовлена и нашей стране.
4840.639,"Помните, как нам, ну, ещё сколько-то лет назад говорили о том, что не нужно России развивать своё сельское хозяйство."
4840.639,"Войдите, мол, в ВТО, там вам будет уготовлен ваш сектор, но только без сельскохозяйственного кластера."
4859.56,"Представьте себе, если бы у нас этого сельского хозяйства не было, а что бы это было, какой бы это бы был не просто удар или вызов, это был бы, я не знаю, это была бы катастрофа для всей нашей страны, не только из-за отсутствия продукции для нас самих, а потому что это часть нашей культуры, это часть нашего существа."
4859.56,"И помимо всего прочего, как оказывается теперь, это ещё часть мировой продовольственной безопасности."
4888.639,"учитывая тот вклад, который вносит наша страна в её поддержание."
4894.04,Поэтому под ширмой евроинтеграции на в Молдавии происходит уничтожение сельского хозяйства.
4902.0,"Ещё раз повторю, Европейскому Союзу конкуренты не нужны."
4907.199,Растут темпы в Молдавии массовая миграции молдован зарубеж.
4907.199,"По данным средствам массовой информации, население страны за последние 25 лет сократилось почти на 20%."
4907.199,И эта тенденция сохраняется и увеличивается.
4907.199,"В республике продолжаются репрессии в отношении независимых, прежде всего, русскоязычных средств массовой информации."
4907.199,"На этом фоне 2 апреля в Кишинёве, вот, например, было организовано интервью согласие молдавских властей у лидера террористической организации так называемый русский добровольский корпус."
4938.8,"А, так сказать, его представитель этой этой структуры этого корпуса внесён в России в перечень террористов и экстремистов."
4948.52,"Посмотрите, как интересно, почему я об этом вспомнила."
4948.52,Террористу очевидному.
4948.52,Вот террористу слово на территории Молдавии для интервью можно дать.
4960.36,"А вот, например, показывать художественные фильмы и документальные фильмы про Великую Отечественную войну, вклад в победу, которой Молдован был колоссальный, теперь с точки зрения режима Санту нельзя."
4960.36,Можно ли носить в Молдавии георгиевскую ленточку сейчас при Санту?
4960.36,Тоже нельзя.
4984.239,Ну как это?
4984.239,"То есть трибуну террористу они предоставляют, а георгиевскую ленту носить запрещают."
4992.28,Что это?
4992.28,Ещё одно действие в театре абсурда.
4997.32,"Ну, устраиваем молдавским руководством а вот этот вот тотальный какой-то оруловский ад."
4997.32,"А теперь уже даже как-то странно начали коситься западные спонсоры, но, видимо, уже совсем."
5013.48,"не камельфо то, что там происходит."
5013.48,Вот сейчас в индексе демократии за двадцать пятый год он был опубликован британский медиакомпании Economist Group.
5013.48,"Молдавия получила статус, знаете, как его, как назвали режим санду гибридного режима, который характеризуется сочетанием внешних атрибутов демократии с авторитарными методами правления."
5013.48,Ранее у Молдавии был более продвинутый статус.
5037.6,"Её, знаете, как обзывали на Западе?"
5039.28,"несовершенная демократия, а теперь уже гибридный режим."
5039.28,"То есть всё это время молдовские власти кричали и кричат про некие гибридные угрозы со стороны России, а на самом деле Запад же называет Молдавию гибридным режимом."
5057.239,"Сами же молдоване, знаете, всё чаще употребляют в отношении режима Санду термин мафиозное государство."
5065.239,Вот такие вот реалии в Молдавии.
5065.239,"Те же самые, как там на Западе говорят, нарративы, паттерны, бедность, политическая нестабильность, авторитаризм, бесправие, социальная напряжённость."
5065.239,"То же самое они делали с Украиной, и теперь они толкают на этот путь Молдавию."
5065.239,"Всё это следствие насильного внедрения так называемых европейских стандартов, которые европейскими вообще не являются."
5065.239,К европейским стандартам что можно отнести?
5065.239,"Например, право, зародившееся в Риме, римское римское право."
5065.239,Что от него осталось?
5065.239,"Какое право, если санкциями и абсолютно алогичными, не то, что не законами, даже алогичными действиями закон уничтожается?"
5106.84,"Свобода, слово, можно её отнести к европейским ценностям."
5106.84,"Вот та самая, которую провозглашали, развивали средства массовой информации, что от неё осталось цензура одна сплошная и преследование и травля тех, кто имеет ещё смелость заявлять о своём собственном мнении."
5106.84,"А религия, вера, христианство были одной из оснополагающих европейских ценностей."
5132.4,Что от них осталось?
5132.4,"Я думаю, что открытие олимпиады в Париже все видели."
5137.4,А надругательство и глумление.
5140.6,"Кстати говоря, одной из ценностей европейских, как как они говорили, было вот это именно понимание общего пространства европейского континента."
5140.6,"Теперь оно всё свелось к желанию нанести, как они там придумали России стратегическое поражение."
5140.6,Вот и всё.
5140.6,"Поэтому вот эта вся химера под названием европейские ценности навязываются Молдави только с одним с одно с одним желанием, с одной причиной, с одной целью: максимально обрушить всё, что только можно обрушить в Молдавии."
5140.6,"Сельское хозяйство, промышленность производства, наука и образования, культура и так далее."
5179.52,"очевидно превратить Молдавию и молдован в Румынию и румын, а и дальше вот в этом, а, буквально изнасилованном состоянии делать всё, что они на Западе захотят."
5193.6,"А ещ, ну, есть и, как говорится, и хорошие новости."
5193.6,"По причине президента Российской Федерации 21 апреля в Бейрут спецбортом МЧС России была доставлена партия российской гуманитарной помощи, в которую вошли передвижные электростанции, продукты питания, палатки, одеяла, матрасы, подушки всего примерно 28 тн."
5193.6,"В церемонии передачи гуманитарного груза приняли участие посол России Вливане, а директор главного управления гражданской обороны МВД этой страны."
5193.6,"Обратным рейсом был осуществлён вывоз в Москву 67 граждан Российской Федерации и шести граждан Республики Беларусь, которые оказались в сложной жизненной ситуации за резкого обострения ситуации в Ливане."
5237.159,"Ну, вы прекрасно знаете, что в трудные моменты, времена Россия всегда протягивала руку помощи ливанскому народу, как и любым другим народам, которые обращаются за такой помощью."
5237.159,"не могли остаться в стране и сейчас в сложившихся непростых условиях, когда более 1 млн ливанцев страдают от последствий боевых действий."
5237.159,"Мы выражаем солидарность жителями и руководством этой страны, подтверждаем нашу принципиальную позицию в поддержку суверенитета, единства территориальной целости Селеванской республики."
5237.159,"И надеемся, что, конечно, хочется надеяться, что достигнутый 16 апреля режим прекращения огня будет строго соблюдаться, что позволит создать условия для устойчивой деэскалации в Ливания."
5237.159,"Мы прекрасно видим, что там происходит, но исходим из, а-а, действительно, так сказать, желания и стремления поддержать, а, режим, режим прекращения огня."
5237.159,"А и, э, надеемся, что он позволит выправить там стремительно ухудшающуюся гуманитарную ситуацию."
5294.88,"Хотя, ещё раз говорю, остаёмся реалистами."
5294.88,"И, конечно, пару фейков, которые хочется привести и разоблачить, потому что они масштабные такие, знаете, жирнющие фейки."
5294.88,Нам сейчас придётся препарировать.
5310.48,"Высокопоставленные американские представители, включая военных, а, распускают слухи, ну, делают это по классике дезиинформационной компании о якобы имеющихся у России намерениях разработать противоспутниковое, как они говорят, ядерное оружие."
5310.48,"На их основе, я имею в виду, на основе вот этих вбросов тиражируются антироссийские доктринальные документы, проводятся специализированные военно-космические учения даже."
5310.48,И в ходе этих учений моделируются действия на случае гипотетического применения ядерного оружи оружия в космическом пространстве.
5341.84,"Всё это, конечно, абсурдные домыслы Вашингтона."
5341.84,Они не имеют ничего общего с действительностью.
5341.84,является частью пропагандистской кампании по дискредитации космической деятельности нашей страны и её инициатив по предотвращению гонки вооружений в космическом пространстве.
5341.84,"Я напомню, хотя мы, э, вот сейчас, отмечая очередную годовщину, очередной юбилей первого полёта человека в космос, об этом много говорили, но я всё равно напомню."
5341.84,"Освоение космоса нашей страной осуществляется в строгом соответствии с международными обязательствами, исключительно в мирных целях и не угрожает активности других участников космической деятельности."
5341.84,Наша страна неукоснительно соблюдает договор о космосе 1967 года.
5341.84,Он является краеугольным камнем международного космического права.
5341.84,И статья четыре договора прямо запрещает выводить на орбиту вокруг Земли любые объекты с ядерным оружием или иными видами оружия массового уничтожения.
5341.84,Устанавливать и размещать такое оружие в космосе другими способами.
5341.84,Россия на протяжении многих лет вносит существенный вклад в сохранение космоса мирно.
5341.84,"Мы последовательно выступаем в пользу выработки международного юридически обязывающего инструмента с запретом на размы в космическом пространстве, применение силы или угрозы силы в отношении космических объектов."
5341.84,В качестве основы такого инструмента предлагаем распространённый на конференции по разоружению в четырнадцатом году обновлённый российско-китайский проект профильного договора.
5341.84,Важным промежуточным шагом на этом пути мы рассматриваем международную инициативу или политическое обязательство.
5341.84,"ещё можно так его назвать, о неразмещении первыми оружия в космосе, участниками которой на сегодняшний день являются 37 стран."
5438.36,"Однако наши усилия в этом направлении наталкиваются на такое, знаете, по-настоящему ожесточённое противодействие со стороны США, их союзников, которые взяли опасный курс на превращение космоса в арену вооружённого противоборства."
5450.76,Политика же США в космической сфере приобретает всё более агрессивный провокационный характер.
5450.76,Официальные лица в Вашингтоне открыто заявляют об амбициях на абсолютное доминирование в околоземном пространстве.
5450.76,"Ключевая роль в достижении поставленных задач отводится проекту по созданию глобальной системы противоракетной обороны Золотой купол, который предусматривает, в том числе развёртывание ударных средств перехвата космического базирования."
5450.76,"И вот такой, знаете, под завесой, мнимой, опять же, российской, как они говорят, угрозы, американцы при активной поддержки ряда сателлитов активизируют шаги, которые направлены на размещение в космосе оружейных систем и наращивание там силового потенциала."
5450.76,Всё как всегда.
5494.52,"Они начинают обвинять в чём-то Россию для того, чтобы затем начать это делать самим или каким-либо образом а обелить свои собственные незаконные действия."
5508.679,"Упомянутые шаги предусматривают, в том числе, значительное увеличение численности космических сил США, массовое производство и неконтролируемый вывод на орбиту десятков тысяч спутников, а также совершенствование систем подавления космических аппаратов других государств."
5522.92,это авантюры.
5522.92,"И реализуя эти авантюры, Запад игнорирует тот факт, что любой вооружённый конфликт на Арвиде будет иметь катастрофические последствия, да, для долгосрочной устойчивости космической деятельности и перспектив освоения космоса для всех без исключения государства."
5522.92,Ну и ещё одна история.
5522.92,17 апреля в газете Суар было опубликовано интервью начальника штаба обороны Бельгии Фредерика Ван Сине.
5522.92,"Знаем, что натовские генералы пытаются всеми силами поддерживать высокий градус напряжённости в отношениях с Россией, но то, что мы прочитали в этот раз, честно говоря, вызывает уже сомнение не столько в компетентности, сколько в здоровье оборонного ведомства королевства, его представителей."
5568.679,"Бельгийский военачальник поделился, среди прочего сенсационным, как он сказал, известием о том, что Россия признала, сейчас берём в кавычки, конечно, это всё, нарвскую народную республику на территории Эстонии."
5568.679,Нормально.
5585.04,"Хочется спросить, а что он потреблял накануне этого интервью?"
5585.04,"Ну, это, безусловно, конечно, дезинформация, если называть вещи своими именами, просто откровенная ложь."
5585.04,"Ну что, вызовут в Бельгии нашего посла?"
5585.04,"А если, кстати говоря, вызовут, я хочу все, как всех тоже предупредить, как неоднократно говорили, наши послы, они используют каждую возможность для того, чтобы предоставить настоящие фактологические материалы по тем темам, которые вызывают озабоченность у страны их аккредитации."
5620.44,"Давайте разберём то, что было сказано в этом интервью бельгийского военачальника."
5620.44,"Военно-политическое руководство Бельгии такое впечатление, что перенимает опыт пропагандой у чиновников Евросоюза и НАТО, которые в рамках своей искажённой картины мира пытаются изобретать всё новые поводы, опять же, для оправдания ускоренной милитаризации Европы."
5620.44,"То есть объяснить своим гражданам, зачем им, так сказать, наращивать боевой потенциал, они не могут."
5620.44,Ну просто нет причин.
5650.639,"Соответственно, их надо выдумать."
5650.639,Они придумают вот эту самую мнимую угрозу России.
5656.44,"И показательно, что в печатной версии интервью, это действительно очень смешно, этой фразы нет."
5656.44,А в электронной версии этого интервью эта фраза была.
5667.56,О чём идёт речь?
5667.56,"Сначала запускается фейк, а потом задним числом пытаются, знаете, так как бы скрыть его, замести следы."
5667.56,"А, ну, мол, ничего и не было."
5682.96,Но интернет всё помнит.
5682.96,"Фраза была сказана, она была вброшена, соответственно, её цитировали и будут цитировать дальше."
5691.84,"И в этом же интервью он, так сказать, не единожды соврамше."
5691.84,"Он заявляет, что окончание боевых действий на Украине якобы не приведёт к разрядке."
5691.84,Потому что какая вы думаете причина названа?
5691.84,"Потому что с точки зрения бельгийского военачальника Москва, де сказать, должна переключиться на Европу."
5691.84,"А поэтому европейские страны должны сконцентрироваться на долгосрочном, по его словам, сдерживании России."
5691.84,"Ну, чем закончилось сдерживание России, так сказать, на украинском направлении, я думаю, что они все видят, все их манипуляции с украинской государственностью."
5691.84,"а, лучше сказать, с её уничтожением, а все их, э, э, все их поддержки майданов и антиконституционных переворотов, все их манипуляции с минскими договорённостями привезли не к сдерживанию России, а к тому, что наша страна приняла единственное верное, нужное и точное в тех обстоятельствах решение по началу специальной военной операции."
5762.88,Зачем же бельгийский военачальник всё это несёт?
5762.88,Потому что слово говорить в данном случае неуместно.
5770.76,Смысл подобных пассажей очевиден.
5770.76,"Они нужны лишь для того, чтобы под предлогом российской угрозы оправдать масштабные финансовые влияния в милитаризацию Европы, которая осуществляется в ущерб интересам собственного населения."
5785.48,"Но, кстати говоря, это ещё не всё."
5785.48,"самый циничный и самый откровенно ложный пассаж, э, в этом интервью про, как там было написано, украинскую кровь, которой оплачивается, знаете что?"
5785.48,Драгоценное время для Европы.
5785.48,"Ну то есть это уже надо дойти до такого, до такой степени вурдолачества, чтобы такую фразу сконструировать, что дальше некуда."
5785.48,То есть украинской кровью с точки зрения бельгийского военачальника оплачивается время Европы.
5819.4,"Нормальная сделка, да?"
5822.719,"Ну, кстати, мы не в первый раз слышим от есовских стратегов высказывания, которые свидетельствуют об их готовности воевать до последнего украинца, но просто раньше они как-то это камуфлировали и как-то формулировали, заворачивая какие-то политологические установки."
5822.719,"А сейчас вот так прямо, мол, нужно, как говорит бельгийский военачальник, проливать украинскую кровь для того, чтобы, опять же, по словам бельгийца, у Европы было больше времени."
5852.199,Это запредельный цинизм.
5855.44,"То есть теперь это не просто не скрывается, это выносится как доктринальная установка."
5855.44,"То есть как бы в то время, когда на востоке Европы гибнут люди, бельгийский генерал призывает не искать никакие возможности для установление мира, не использовать дипломатию, политику, а просто наращивать военный потенциал на Западе."
5876.36,Можно я задам один вопрос?
5876.36,"А вот пару месяцев назад, когда этот же самый Запад, эти же самые Брюссели, Парижи, Лондоны, вены, Оттавы и так далее, и так далее, бились в истерике о том, что нужно перемирие."
5876.36,Это как всё укладывается в нынешнюю логику?
5876.36,А очень просто это укладывается.
5876.36,"Нужно было не перемирие, нужна была передышка для перевооружения и переоснащения, а, так сказать, ВСУ и передислокация в их пользу, в их интересах и так далее, и так далее."
5876.36,"Всё, все разговоры Запада о мире - это просто камуфляж."
5920.199,"Ну и, конечно, есть ещё опция для цинизма, то есть это был не окончательный его приступ."
5920.199,"Ведь на фоне всего этого европейцы продолжают выклянчивать себе место за столом переговоров, а, якобы для урегулирования конфликта."
5920.199,И это одни и те же люди.
5945.8,"Мне кажется, всем понятно, что нельзя одной рукой подливать масло в огонь, а второй так сказать звонить во все колокола, требуя, так сказать, места для за столом переговоров."
5945.8,"Что-то из этого лишнее, что-то из этого друг другу явно противоречит."
5945.8,Но ещё один момент.
5945.8,"В то время, как бельгийский генерал торопит Европу, как он сказал, сдерживать Россию, окончательно подтвердил, что громкие заявления министра обороны Бельгии Франкина в конце прошлого года о неких массовых атаках российских беспилотников на объекты в Бельгии не имели под собой никакого фактологического основания."
5945.8,То есть тоже была ложь.
5986.08,"Специалисты открыто признали, что спустя месяцы работы не удалось обнаружить задокументированных случаев хотя бы одного прилёта беспилотника."
5994.48,"Кстати говоря, за беспилотники принимались вертолёты федеральной же их полиции, заходившие на посадку грузовые самолёты компании DHL."
5994.48,"То есть ничего из того, что они придумывали, подтверждения не имеет."
5994.48,Так что по итогу объяснилось всё исключительно прозаично.
5994.48,"А искусственно созданный информационный шум, похоже, был необходим для выбивания из бюджета Бельгии дополнительных 50 млн евро на нужды Министерства обороны этой страны."
5994.48,"Ну вот этот инцидент, эта история, вся эта грязь служит очередным подтверждением того, что ложь, дезинформация и необоснованные обвинения- это излюбленный метод работы европейских военных и политиков."
5994.48,"А первыми пострадавшими от таких действий становятся обычные бельгицы, которых нынешние власти королевства с упорством достоинным лучшего применения подталкивают к открытому конфликту с Россией."
5994.48,"Просто дурят и, кстати говоря, ещё и обворовывают."
6052.159,"Ещё одна тема, уже другой регион, но методы те же самые."
6052.159,Ситуация вокруг архипелага Чагос.
6052.159,Мы внимательно следим за развитием ситуации вокруг этого региона.
6052.159,"Я напомню, в мае двадцать пятого года, помните, было подписано соглашение, в соответствии с которым Британия должна была вернуть Маврикию его законные территории."
6052.159,Однако при этом оставила за собой право на долгосрочную аренду 99 лет британо-американской военной базы на острове Диего Гарсия.
6082.0,"Тогда правительство Кира Стармера с помпой отрапортовало достижение Спортлуи некой исторической сделки, которая, как подчёркивалось, это прямо прямая цитата, полностью отвечала национальным интересам Соединённого Королевства."
6098.32,Но наша любимая поговорка здесь прекрасно подходит.
6098.32,"Гладко было на бумаге, но забыли про враги."
6098.32,"Вот в ходе недавнего, а он состоялся 13 апреля, выступление в палате общин заместитель главы Форен офиса Доути фактически подтвердил утечки, которые были в СМИ накануне, а при остановке Лондоном на неопределённый срок ратификации британо-маврикийского соглашения."
6098.32,При этом он открыто назвал и главную причину.
6126.56,Нет.
6127.719,Это не британский народ попросил так не делать.
6127.719,"И это не британские учёные представили какой-то доклад о том, что нужно пересмотреть позицию."
6127.719,Это была позиция руководства Соединённых Штатов Америки по данному вопросу.
6127.719,"Дело в том, что США активно используют военную базу на острове Диекагарси для разведывательного и логистического обеспечения присутствия своих вооружённых сил в Идиском океане и прилегающих регионах, в том числе и на Ближнем Востоке."
6127.719,задействовалась эта базай в ходе американо-израильской агрессии против Ирана.
6127.719,"А хотя в Лондоне утверждают, что дали разрешение Вашингтону на использование этой базы в данном конфликте, исключительно в оборонительных целях."
6127.719,"Прекрасной оборонительные цели забыла, правда, когда Иран нападал на США и на Израиль."
6176.88,Всё было с точностью наоборот.
6176.88,"Это при том, что в двадцать пятом году ещё принципиальное согласие Вашингтона на заключение этого соглашения вроде бы как бы было получено."
6186.96,"И это, кстати говоря, было ещё и отражено в соответствующем пресс-релизе Госдепартамента США."
6186.96,Но теперь позиция США изменилась.
6186.96,Сюжет с Чагусом вновь подтверждает известную истину.
6186.96,"Любые договорённости с англосаксами, увы, ненадёжные."
6186.96,"Даже когда у вас на руках есть решение международного суда ООН, не путать с Международным уголовным судом."
6186.96,Международный суд ООН - это легитимная институция.
6186.96,"А он, этот международный суд, он ещё в девятнадцатом году признал британские действия по сохранению контроля над архипелагом незаконным."
6186.96,Резолюция Генассамблеи ООН и подписанное межправительственное соглашение с бывшей митрополией Лондон без стеснения демонстрирует готовность пренебречь своими обязательствами в угоду опять же политической конъюнктуре.
6186.96,"Ну и потому что, так сказал старший брат в Соединённых Штатах Америки."
6239.76,"Ну и вот то самое их, как они говорят, союзничество, традиционное партнёрство, стратегическая близость, уважение даже к ближайшим союзникам англосаксы сохраняют недолго, ровно до тех пор, пока это им вот сейчас выгодно."
6239.76,"Как только дело касается других интересов, новых интересов, сеюминутных интересов, ну, например, встаёт вопрос о сохранении военного контроля над важной территории в преддверии очередной военной интервенции."
6239.76,"Всё это уважение, все эти словеса, все эти, знаете, какие-то, э, церемониальные поклоны и разговоры, в том числе и про права человека, историческую справедливость, мгновенно улетают в мусорную корзину."
6287.48,Вот это и есть политика.
6289.84,"уничтожение любых стандартов, которые я получила название политики двойных стандартов."
6289.84,"Это и есть тот самый цинизм, это и есть, а новая этика, это и есть, кстати говоря, меропорядок, основанный на правилах, когда сегодня одно правило, а завтра другое."
6307.639,"Я, честно говоря, сомневаюсь, что жители острова радовались тому, что их оторвали от Маврики и фактически передали Британии и США."
6307.639,"Я напомню, аа ведь жители Чагоса буквально в прямом смысле слова насильно депортировали с острова Теего Гарси."
6307.639,Эти люди являлись потомками африканских рабов.
6307.639,"Помните, как в Соединённых Штатах Америки ещё недавно ставали на колени перед афроамериканцами."
6340.719,"говорили о том, что в вечном долгу вот перед жителями острова Чагас, когда встанут на колени, да, я думаю, и на колени вставать, наверное, им-то не надо."
6340.719,"Нужно просто определиться с тем, это суверенная территория, это люди, которые имеют свои права, традиции, свои законы, или это люди, которые будут вечно быть заложниками решений Лондона и Вашингтона об их судьбе."
6368.04,"Вот эти самые люди являются потомками африканских рабов, которых те же британцы завозили на остров с африканского континента для работы на плантациях."
6368.04,Типичная колониальная история.
6368.04,Сначала их предков привозили из Африки как рабов.
6368.04,"Когда появилась необходимость в строительстве военных баз, жители острова просто выкинули оттуда как использованный материал."
6368.04,"Нет, это не моя квалификация этих людей."
6368.04,Я к этим людям отношусь.
6368.04,как к свободному.
6397.44,"Мы делаем всё, чтобы сохранить представление об истинной свободе в мире."
6403.199,"Это квалификация, которую им даёт Лондон и Вашингтон."
6407.52,"Но сколько разговоров о свободе, сколько разговоров о свободе слова о правах человека, о демократии, наконец, ну и где она?"
6407.52,"По сути, мы являемся свидетелями очередной попытки сохранить колони колониальный анклав в Индийском океане под видом стратегической, как они формулируют, необходимости."
6407.52,"Очевидно, что правящие элиты Британии, вне зависимости, кстати говоря, от партийной принадлежности, до сих пор не избавились от своих неоколониальных замашек, инстинктов и интересов."
6407.52,Продолжают рассматривать страны мирового большинства главным образом в качестве инструмента для достижения собственных корыстных геополитических интересов.
6445.92,"А, и я хотела бы сказать о том, что было много вопросов, а, об отправке Евросоюзом в Армению некой гражданской миссии для борьбы с гибридными угрозами."
6445.92,"Я готова ответить на эти вопросы, но прежде всего, а, я знаю, что с нами на связи армянские журналисты, журналисты из Армении."
6445.92,"Я хотела бы сказать, что сегодня, 24 апреля, 111 годовщина геноцида армян в Османской империи."
6445.92,"А, и начать, наверное, с этого хотела бы, учитывая, что эта тема сегодня, безусловно, а, является главной в Армении."
6491.159,"По по оценкам армянских историков, жертвами геноцида стали более полутора млн человек."
6498.28,Свыше сотен тысяч человек тогда были изгнаны из собственных домов.
6498.28,"Были разрушены духовные святыни, были разрушены памятники архитектуры."
6509.44,"Я хочу подчеркнуть, в нашей стране с самого начала воспринимали эту страшную трагедию как собственное горе."
6509.44,"В городах нашей страны ежегодно проходят многочисленные поминальные мероприятия, акции."
6509.44,И сегодня мы выражаем глубокое сочувствие армянскому народу.
6509.44,"скорбим, как всегда, вместе с ним в эту дату."
6509.44,"Я также хотела бы напомнить о том, что позиция России объективна и последовательно массовому уничтожению по национальному признаку не может быть оправданий."
6509.44,"Наша страна является участницей и инициатором ряда соответствующих международно-правовых актов, в том числе Конвенции о предупреждении преступлений геноцида."
6509.44,"И вот буквально недавно, 19 апреля, как вы знаете, мы впервые, ну, мы должны говорить по законам русского языка, отмечали, а я всё-таки хочу сказать, переживали скорбную дату, день памяти жертв геноцида советского народа, который закоплён у нас теперь на законодательном уровне."
6509.44,"Российская дипломатия тоже, напомню, стояла у истоков признания выпавших на долю армянского народа трагические событий первой четверти XX века как преступление против человечества."
6577.08,Современная Россия одной из первых стран в мире признала и осудила геноцид армян в соответствующих документах Государственной Думы.
6577.08,"Согласно заявлению, я ещё раз напомню, я постоянно, кстати говоря, на брифингах все эти годы цитировал этот документ, согласно заявлению нижней палаты Российского собрания от 1995 года."
6596.04,Сегодняшняя дата в нашей стране рассматривается как дань памяти невинных жертв этой трагедии.
6603.28,Мы всегда были открыты к разговорам на эту тему.
6603.28,"Мы никогда не скрывали нашей позиции, всегда делились своими взглядами, потому что они основаны не на конъюнктуре момента, они основаны на исторических фактах."
6619.8,"Российское руководство, в том числе высшие, а также официальные делегации посещают построенный вперёд ССР мемориальный комплекс в Ереване, посвящённый памяти жертв геноцида."
6628.48,"Кстати, в отличие от некоторых западных партнёров, обративших сегодня свои взоры на Армению, мы не удаляем из социальных сетей или с информационных площадок публикации о таких жетах жестах поддержки с нашей стороны."
6628.48,Также у нас нет привычки избегать самого слова геноцид.
6648.719,"Мы знаем, что сегодняшний день, 24 апреля, имеет огромную духовную и морально-политическую значимость для дружественного нам народа Армении."
6648.719,и многомиллионной армянской диаспоры в России.
6648.719,Это скорбный день.
6648.719,"Это не только памятная дата, но это символ стойкости, единства армян, приверженности своим историческим традициям и делу сохранения идентичности."
6672.679,"Ну и перехожу к непосредственно ответу на те вопросы, которые поступили об отправках ЕС в Армению гражданской миссии."
6672.679,"21 апреля а Совет Европейского Союза принял решение о направлении в Армению, как они сформулировали, партнёрской миссии в рамках общей политики ЕС в области безопасности и обороны."
6672.679,"Речь идёт уже о второй, так сказать, гражданской миссии Евросоюза в этой стране."
6672.679,"Очевидно, что новый механизм, который преподносится еесовцами как якобы помощь Еревану в борьбе с гибридными угрозами, предоставит Брюсселю дополнительные рычаги воздействия на армянские министерства, национальные институты."
6711.8,"Это тоже понятно, очевидно."
6711.8,"И, кстати говоря, Брюссель - это тоже никто не скрывает."
6711.8,"А они используют предлоги, как это объяснить."
6711.8,"Но по сути, в общем, всё очевидно."
6711.8,"под предлогом отслеживания незаконных финансовых потоков и противодействия кибератакам, манипулированию информации и информационному вмешательству со стороны третьих стран, ЕС будет пытаться, ну, давайте вещи назовём своими именами, вмешиваться во внутренние дела Армении, в том числе, а мы, Европейский Союз, неплохо знаем, исключать этого нельзя ни в коем случае."
6711.8,Будут желать и и желают повлиять на исход парламентских выборов 7 июня.
6711.8,"А знаете, в чём, так сказать, мои доказательства?"
6711.8,"Посмотрите, под каким предлогом эти миссии направляются."
6758.239,Я ещё раз прочитаю.
6761.28,Под предлогом отслеживания незаконных финансовых потоков.
6767.599,"Казалось бы, есть страна, куда эту миссию давно надо было направить."
6767.599,Это Украина.
6774.28,"Скажите, пожалуйста, сколько миссий Совета ЕС было направлено на Украину с целью отслеживания незаконных финансовых потоков?"
6774.28,Разве это гипотетическая угроза?
6774.28,"Разве это предполагаемые, а, так сказать, обвинения?"
6774.28,"Да нет, конечно."
6774.28,"Коррупционные скандалы сотрясают Украину и в том числе страны Европейского Союза, связанные с Украиной, буквально каждый месяц."
6774.28,Так почему же Совет Европейского Союза эту самую миссию направляет для отслеживания незаконных финансовых потоков не на Украину?
6813.599,"Хотя туда, наверное, тысячи должны были наблюдателей в рамках этой миссии направлены."
6813.599,А в Армению?
6813.599,Да.
6813.599,"Потому что задачи у этой миссии не потоки отслеживать, а влиять политически влиять и манипулировать."
6829.199,"Миссия, которая на словах собирается бороться с некими вмешательствами в дела суверенного государства, сама является инструментом такого вмешательства."
6838.32,"Аналогичная, так сказать, партнёрская миссия действует где?"
6838.32,"Вы, наверное, сейчас скажете: ""Ну, наверное, всё-таки на Украине""."
6838.32,"Нет, конечно, в Молдавии."
6850.159,Как она помогла укрепить правовое государство в Молдавии?
6850.159,"как она помогла соблюдению, реализации, соблюдения прав человека, развитию демократических институтов."
6850.159,"Мне кажется, мы все наглядно убедились на примере развития ситуации в Молдавии."
6850.159,Я сегодня об этом много говорила.
6850.159,"Неоднограда подчёркивали, что расширение присутствия вне регионалов, в том числе из Европейского Союза, других структур на Южном Кавказе, идёт в разрез с принципом региональной ответственности, когда проблемы региона решаются его странами и их соседями, а также несёт в себе новые риски для очень хрупкого мира и стабильности в этой части Евразии."
6850.159,"Ведь давно известно, на что заточена европейская, ну, западноевропейская политическая мысль втянуть пустыми обещаниями своих партнёров, а, в некую свою систему координата, она, как правило, антироссийская и русофобская, а затем их руками решать свои задачи."
6850.159,"Мы видим, как Европейский Союз, взявший курс на милитаризацию для противостояния, опять же, мифической российской угрози, стремится превратить Армению в свой форпост."
6850.159,И это всё сильно контрастирует с официальным курсом Еревана не служить разменной монетой в интересах третьих стран.
6850.159,"Согласие Армении на размещение на своей территории новой, как формулируют есовцы, миссии, по всей видимости, связаны с тем, что с её помощью руководство страны рассчитывает ускорить своё продвижение по европейскому пути."
6937.239,Просто не надо путать путь в Европейский Союз в виде членства в ЕС.
6937.239,А на этом пути уже буксуют немало государств.
6947.679,"Посмотрите на Сербию и другие страны Балкан, которым обещано, а они много лет, несмотря на то, что уже перевыполнили всё, что им было сказано, так Еесы не вступили с европейским путём."
6947.679,"Вот, мне кажется, как раз не путь в ЕС предложен Армении, равно как и Молдавии, а именно некий европейский путь."
6947.679,А эта дорога точно не туда.
6971.719,"смягчить ущерб для национальной экономики и благосостояния населения в случае переориентации Еревана не на членство в ЕС, а просто на ЕС и его требования."
6984.96,Вот в этом случае европейские советчики вряд ли смогут.
6984.96,"не будет от них никакой реальной помощи, как нет реальной помощи другим странам, которым они как сирены всё время обещают скорое вступление, а по сути только выкачивают ресурсы или используют эти государства в своих политических целях."
6984.96,"Как в реальности может выглядеть ситуация с опорой на цифры и факты, не так давно подробно разъяснил заместитель председателя правительства Российской Федерации, а, Алексей Логвинович Оверчук в своём развёрнутом интервью агентству ТАЗ."
6984.96,"Я настоятельно рекомендую с этим интервью ознакомиться, а ссылки на этот материал мы обязательно добавим в текст брифинга."
6984.96,"Мы рассчитываем на то, что наши армянские союзники и друзья не допустят использования новой, так сказать, миссии для вмешательства в свои внутренние дела и вовлечения Еревана в геополитические игры Запада, подразумевающие разрушение дружественных связей с нашей страной и подключение к антироссийской политике в Брюсселе."
6984.96,"И теперь о, э, исторической памяти."
7052.32,"К сожалению, Прибалтика, демонтаж Советского мемориального наследия в Латвии, Литве и Эстонии происходит в нарушении всех международных и двусторонних обязательств этих государств."
7052.32,В Латвии за последние годы снесены более двух сотен советских мемориалов.
7052.32,"В Эстонии более Встонии более 130, в Литве около 70."
7052.32,"Мы всё всё чаще фиксируем попытки незаконной эксгумации и перезахоронения, опять же, незаконного останков советских солдат и офицеров на братских воинских захоронениях."
7052.32,Всё это делается варварски.
7088.679,"Апофеозом русофобской вакханалии, конечно, стал снос в августе двадцать второго года в Риге памятника воинам-освободителям Латвии от фашизма."
7097.76,"Это главный мемориальный комплекс Прибалтики, которому ежегодно 9 мая, как вы знаете, десятки тысяч людей приносили цветы."
7097.76,"Помните, что тогда сделали с памятником и с цветами?"
7097.76,"Комитет ООН по правам человека 26 августа двадцать второго года признал эти действия противоправными и призвал власти Латвии остановить разрушение советских памятников, обеспечить сохранность частей разрушенных монументов."
7097.76,Эти рекомендации латвийские власти проигнорировали.
7097.76,"Мы считаем и уместным также напомнить, что Латвия, Литва и Эстония ежегодно голосуют против резолюции Генеральной Ассамблеи ООН, которая называется более чем красноречиво борьба с героизацией нацизма, неонацизмом и другими видами практики, которые способствуют эскалации современных форм расизма, расовой дискриминации, ксенофобии и связанной с ними нетерпимости."
7097.76,Россия продолжит всеми доступными мерами противодействовать варварским безнравственным действиям властей прибалтийских государств.
7097.76,будем и далее добиваться адекватного реагирования профильных международных структур.
7097.76,"Но Прибалтика в этом смысле, конечно, не одинока."
7097.76,"Посмотрите, что делают в власти ФРГ."
7166.28,"Ещё раз повторю, то, что, мне кажется, теперь знают уже все."
7166.28,"И, э, слава богу, что знают, 19 апреля в России отмечался э этот день как день памяти жертв геноцида советского народа."
7166.28,"геноцида, который был совершён нацистской Германии и её пособниками в ходе Великой Отечественной войны 19415 годов."
7166.28,Эта дата символ сохранения исторической правды и памяти о трагедии мирного населения.
7166.28,27 млн человек погибли.
7166.28,Из них половина.
7166.28,Посчитать до конца мы не сможем никогда.
7166.28,"Но из них половина - это мирные жители, гражданское население, которое подверглась массовому уничтожению на оккупированных территориях."
7166.28,Сознательно?
7166.28,"Нет, это не просто ход боевых действий, хотя и ход боевых действий не означает правомерности убийства гражданских лиц."
7221.48,"Это сознательное, записанное, прописанное и проанализированное в документах, созданных до начала боевых действий."
7231.76,Программа по очищению территории нашей страны от нашего же населения.
7239.56,Более восьми более 8 млн советских граждан признаны жертвами геноцида на территории современной России.
7239.56,"не менее, а-а, тоже более 1 млн, если говорить точно."
7254.4,1.
7254.4,250.
7254.4,000 человек из из 4.
7254.4,"7 сотен тысяч советских граждан, привлечённых к принудительному труду, погибли в нацистских лагерях, в нацистской неволе."
7271.92,"Ещё раз говорю, мы до конца не знаем и не узнаем эту цифру."
7271.92,"К сожалению, таких даже возможностей нет."
7271.92,"Хотя поиско поисковики работают каждый день, архивисты работают каждый день."
7271.92,"Все эти годы более половины из общего количества жертв по разным подсчётам стали жертвами политики геноцида, проводимой нацистами и их приспешниками."
7297.639,Мы в ходе наших брифингов в соответствующем разделе на сайте МИТ России.
7297.639,"В многочисленных публикациях в соцсетях рассказывали о том, какие мероприятия в памяти жертвых гитлеровцев были организованы российскими представительствами за рубежом."
7297.639,Ссылка будет опять же в тексте сегодняшнего брифинга представлена.
7297.639,"Но я хочу отдельно остановиться на одном из мероприятий, которое проводилось посольством России в ФРГ."
7297.639,Памятная церемония с возложением венков была проведена на территории мемориала на месте бывшего концлагера Вухенвальд.
7326.8,Это одна из крупнейших была нацистских фабрик смерти.
7326.8,В этой акции по зову сердца и совести приняли участие многие неравнодушные немцы.
7326.8,Честь им хвала.
7326.8,"Но отсутствие совести и моральнонравственных устоев продемонстрировали сотрудники этого мемориального комплекса, которые сначала вообще попытались воспрепятствовать проносу нет, ну, не не ничего такого незаконного проносу венков и цветов с российским триколором."
7360.92,Затем вообще захотели удалить делегацию посольства Российской Федерации с территории мемориала.
7360.92,"Только после решительного протеста наших дипломатов, администрации комплекса, пришлось ретироваться, но попытки эти были."
7360.92,И это не первый подобный инцидент в современной Германии.
7360.92,"В мае двадцать птого, в год восьмидесятилетия Великой Победы, администрация мемориала на месте другого концлагеря Хвердсхаузене отдала абсолютно кощунственный приказ срезать ленты в цветах российского флага с уже возложенных посольством России венков."
7360.92,"Тут просто, ну вот есть такое, знаете, есть такое выражение, знаете, гробокопатели, да, есть есть понятие вот некрофилов, да, это уже из медицины, но вот это что-то аналогичное, это даже уже не варварство, это варварство с каким-то очевидным медицинским диагнозом."
7420.44,Реваншистские круги современной Германии настойчиво инициируют общественную дискуссию.
7420.44,"Знаете, о чём?"
7420.44,"Нет, не о том, как повысить уровень, а образования внутри Германии относительно, а, геноцида, совершённого немецко-фашистскими войсками в отношении народа Советского Союза."
7420.44,Нет.
7420.44,"дискуссию об, как они формулируют, о местности нахождения в стране советских мемориальных объектов."
7455.159,"Ставится вопрос даже о том, что вообще якобы советские танки, орудия и звёзды, а также цитаты из российс советского э руководства тех лет могут находиться в публичном пространстве Германии или не могут там находиться."
7472.639,Осуждению подвергается традиция празднования Дня Победы на мемориале в Трептовпарке.
7472.639,"Тот мемориал, где статуя изображает советского солдата, который на руках держит Нет, не нашу, ни советскую девочку, ни русскую, ни белорусскую, ни украинскую, ни таджикскую, ни армянскую, ни азербайджанскую, ни еврейскую, немецкую девочку."
7501.96,"Я считаю, что это вообще вот если есть понятие гуманизма высшем значение слова, это высшая значение слова гуманизм, когда советский солдат запечатлён как освободитель прежде всего немецкого народа от фашизма, хотя у этого самого солдата своя семья перебита была, и свои дома, и свои деревни, сёла и города были сожены разрушенно, а он защищает немецкую девочку."
7501.96,И у всего этого есть исторические факты.
7501.96,"И они теперь задаются вопросом: ""А вообще уместно ли День Победы в Трептовпарке рядом с фигурой солдата, держащего на руках немецкую девочку, отмечать и праздновать?"
7501.96,"Мол, это радикально расходится с принятым, как они говорят, в цивилизованной Европе, форматом тихой скорби."
7555.76,"Я хочу всем сказать, тихая скорбь у нас тоже присутствует."
7555.76,22 июня - это день тихой скорби.
7555.76,"Я не уверена, что тоже тихой."
7555.76,"Вы знаете, нас же столько лет и десятилетий заставляли тихо молчать, а по сути замалчивать, что мы сами будем решать, тихо мы будем скорбеть или не тихо, что мы будем делать."
7555.76,"Но этот день есть день памяти и скорби, он так и называется."
7555.76,А 9 мая - это праздник.
7590.36,И не немцам нас учить.
7590.36,"Очевидно, что целью этой компании является изменение отношения немецкого общества под давлением их элит к советским воинским монументам, а также девальвация, декларируемой Германии, осознание своей исторической ответственности за ужасающие преступления нацистского режима."
7590.36,Мне просто интересно.
7590.36,"С одной стороны, они, имею немецкое правительство, руководство, политические элиты, граждане Германии, свято чтут память жертв холокоста."
7590.36,"Напомню, в соответствии с резолюцией Генеральной Ассамблеи ООН, холокост - это уничтожение, массово уничтожения евреев, цыган и других групп и национальных, и социальных, и так далее."
7590.36,"Что это получается к советским гражданам, к советским солдатам не относятся?"
7590.36,"Я имею в виду, а не относится их стремление свято чтить память жертв, их же собственных предшественников."
7652.159,"Это что же они теперь будут, так сказать, поминать только одну национальность или там две национальности?"
7652.159,"Так это же новая сегрегация, это же новый нацизм."
7652.159,"Потому что нацизм он ровно про это, что одной национальности положено, другой нет."
7672.28,"Одной можно отказать, а другой не можно отказать, как они говорят, и закрепить это всё якобы на вот таком общественном, а порой даже законодательном уровне."
7672.28,Так же было в тридцатые годы XX века.
7672.28,"Нет, это нельзя допустить."
7672.28,Всё.
7688.36,"В этом году исполняется 80 лет завершения работы Нюренбергского международного военного трибунала, который осудил военных преступников гитлеровского режима, поставил вне закона и морали идеологию нацизма."
7688.36,"Увы, мы видим сегодня, эта идеология реанимируется и в Германии, и других государствах коллективного Запада."
7705.599,"Германские власти пытаются размыть свою историческую ответственность за преступление нацизма, всячески открещиваются от признания варварских преступлений нацистов против мирного населения Советского Союза геноцидом."
7717.8,Мы продолжим настойчиво требовать вот ФРГ проявить ответственность и признать очевидную историческую правду.
7726.48,"И удивительная история поборников, свободы слова, защиты прав человека и так далее."
7734.48,"К нам поступают сообщения от россиян в странах Европейского Союза, которые обеспокоены давлением на них со стороны проживающих в Европе украинских националистов, которые ведут сбор информации о наших гражданах и на основе этих данных формируют некие чёрные списки, выкладывают их персональные данные, включая фотографии, адреса, а выкладывают это всё в сеть на специально созданных для этого ресурсах."
7734.48,"Я хочу сказать, что незаконное разглашение частной информации может повлечь противоправные действия в отношении российских соотечественников и членов их семей."
7734.48,"И всё это, конечно, предоставляет прямую угрозу их безопасности."
7734.48,"Особенно учитывая, что а мы каждый день видим угрозы в адрес мирного населения нашей страны, со стороны бандеровцев, киевского режима."
7785.32,"Телефонные угрозы, физической угрозы."
7788.679,"Сегодня была опубликована информация о предотвращении очередного покушения на руководящих сотрудников, руководящих работников государственных органов нашей со стороны со стороны киевского режима."
7788.679,"Поэтому с какой целью собирается персональная информация и публикуется в Европе а украинскими, так сказать, гражда отношении российских граждан, мы тоже прекрасно понимаем, никаких иллюзий у нас нет."
7788.679,"Мы понимаем, что это не соцпросы."
7788.679,"Очевидно, что за этими действиями стоят лица, связанные с украинскими радикалами, их западными кураторами."
7788.679,"Запугивание, угрозы, шантаж."
7827.559,Это как раз фирменный почерк верхушки киевского режима.
7827.559,"А теперь он, этот почерк, а, так сказать, копируется и подручными киевского режима в Европе."
7840.0,Хотел бы напомнить о наличии в Российской Федерации правовых механизмов противодействия незаконному сбору и разглашению персональных данных.
7840.0,Это является нарушением российского законодательства.
7840.0,"Регулируется федеральным законом о двадцать седьмом от 27 июля 2006 года о персональных данных, а также Уголовным кодексом Российской Федерации."
7840.0,Это статья 137 УКРФ.
7864.159,Соответствующая информация нами уже была передана в российские ведомства для правовой оценки и принятия ими мер в соответствии с компетенцией.
7864.159,"В международно-правовой сфере право на неприкосновенность личной жизни закреплено в статье 12 всеобщей декларации прав человека и статьи 17 международного пак о гражданских и политических правах, где содержится запрет на произвольное и незаконное вмешательство в личную и семейную жизнь."
7864.159,Участники пак обязаны защищать право на неприкосновенность частной жизни в пределах их юрисдикции.
7898.76,"Что касается Европейского Союза, то права граждан на защиту персональных данных гарантировано учредительным договором Европейского Союза."
7898.76,"Согласно статье восемь хартии основных прав ЕС и статьи 16 договора о функционировании ЕС гражданам Европейского Союза и гражданам третьих стран, находящимся на территории и на законных основаниях на территории ЕС, гарантировано право на защиту своих персональных данных."
7898.76,"При этом в контексте уголовного преследования действует общий регламент ЕС по защите данных, основанный на принципы экстритериториальности, который применяется ко всем операторам персональных данных резидентов и граждан стран ЕС и предусматривает наказание за нарушение неприкосновенности частной жизни."
7898.76,В европейских странах внутреннее законодательство определяет преследования.
7898.76,Там есть разные формулировки.
7898.76,"И сталкинг, и киберсталкинг, и даже доксинг - это публичное раскрытие личной и конфиденциальной информации о человеке в интернете без его согласия, часто с целью запугивания, местья, травля и так далее."
7898.76,"И делается это всё с целью вызвать у жертвы чувство тревоги, опасения за свою жизнь как уголовнонаказуемое деяние."
7898.76,"Вот, например, в Нидерландах предусмотрена ответственность в виде штрафа и даже лишения свободы."
7898.76,"В Бельгии суд может назначить наказание в виде лишения свободы на срок до 2 лет, а также установить денежный штраф."
7898.76,"Если одним из мотивов является дискриминация на почве ненависти или вражды из-за происхождения или гражданства, правительство европейских государств обязано обратить внимание на то, что на их территории ведётся незаконная и общественноопасная деятельность по сбору и распространению частной информации."
8004.4,"Это компрометирует их правоохранительную систему, так как происходит при полном попустительстве местных властей, которые со своим бездействием, в том числе, создают дополнительные риски, как для своих граждан, так и лиц, проживающих там на законных основаниях."
8004.4,"Мы считаем, что соотечественники вправе и буквально должны и призываем это делать обращаться по таким случаям в правоохранительные органы и судебные инстанции стран."
8033.92,"приживания с заявлениями о разглашении персональных данных, исходящих из этого, э, угрозах и угрозах их безопасности и требовать блокировки соответствующих ресурсов."
8033.92,"Я сделала ссылки, и мы обязательно разместим дополнительные ссылки на -э законодательные акты стран Европейского Союза, э которые можно применять в апеллировании к соответствующим правоохранительным органам стран ЕС."
8033.92,"Кроме того, поскольку они подвергаются давлению из-за своей национальной принадлежности, и за то, что продолжают состаивать законы и интересы, а также способствуют сохранению русской культуры, культурного наследия, закономерно, что эти вопросы могут ставиться в виде коллективных или индивидуальных обращений в адрес помощника генсекретаря ООН по правам человека, а также управление Верховного комисса ООН по правам человека, бюро ОБСЕ по по демократическим институтам и тоже правам человека и в адрес Верховного комиссара ОБС по делам национальных меньшинств."
8033.92,Что вы думаете?
8097.199,"Их электронную почту, адреса на их электронную почту мы обязательно разместим в тексте сегодняшнего брифинга."
8097.199,"Но я ещё хотела бы сказать, помимо вот этого правового аспекта, а добавить от себя пару слов."
8097.199,Ведь проблема носит не только и не столько такой умозрительный характер.
8097.199,"Давайте вспомним -э не просто печально известный, а экстремистский ресурс Миротворец, который стал настоящей картотекой приоритетных целей для террористов и убийц киевского режима."
8097.199,"А ведь этот сайт функционирует уже более 10 лет и продолжает пополняться не только новыми персональными данными людей, но и галочками, которые являются отметками о ликвидации мирных граждан."
8146.84,"В этом ресурсе экстремистском, не поверите, сотни тысяч имён."
8146.84,Там есть даже имена детские.
8146.84,"имеются указание на то, что размещаемые там сведения были использованы при подготовке кровавых расправ над неугодными."
8164.96,"Никакой, подчеркну, нормативного, никаких нормативных ограничений, каких-то законодательных действий, говоря уже о морально-этических и сдерживающих факторах, не было применено в странах Запада в отношении тех, кто этот ресурс ведёт, поддерживает, кто над ним работает."
8183.96,"Его работе ничто и никто не препятствует в странах Запада, несмотря на человеко-ненавистнический характер его материалов."
8183.96,"При этом тот факт, что данный сайт зарегистрирован не где-нибудь, а в Канаде, не смущает ни Оттаву, ни кого-то в странах НАТО, ЕС и так далее."
8183.96,Почему?
8183.96,Потому что это не может их смущать.
8183.96,Ведь они же всё это ещё и спонсируют.
8211.479,"Я хотела бы сказать о ещё одной хорошей, интересной, важной теме."
8211.479,"В Москве учреждена награда для иностранных граждан и переселенцев, которые сделали выбор в пользу России."
8224.24,"Причём этот выбор, естественно, не по принуждению, не по каким-то другим мотивам."
8224.24,"Это их личный выбор в связи с тем, что они видят в нашей стране возможности для реализации того, что называют своими важнейшими ценностями."
8241.16,"А премия эта называется, это первая международная премия, она называется Мост дружбы."
8246.88,"И во все, напомню, исторические эпохи и сейчас наше государство и наша столица Москва выступали глобальным центром притяжения для выдающихся умов и талантов талантов со всего мира."
8246.88,"А, интегрируясь в российское общество иностранные ранее, ну, например, зочи."
8264.88,"Посмотрите, сколько всего принадлежит рукам и вдохновению того же самого, а, расстрели и многих других, э, архитекторов."
8264.88,"Но это не только архитекторы, это и учёные, и предприниматели, и дипломаты, деятели искусств."
8264.88,Какой неоценимый вклад они внесли в развитие нашей страны.
8288.719,"И какую благодарность от нашей страны они получили в историческом контексте, несмотря ни на какие исторические события."
8288.719,"Вот, казалось бы, вроде бы фашизм, он откуда прошёл?"
8288.719,Он пришёл из Италии.
8306.599,"Фаши - это итальянское слово, итальянский термин."
8306.599,Как зверствовали они на территории нашей страны?
8314.639,Помнит Крым ещё как помнит.
8318.719,"Разве кому-то в голову пришло отменить вклад итальянских зочих в нашу отечественную архитектуру или выморать их имена, или посбивать таблички с их фамилиями?"
8318.719,"Нет, конечно."
8340.479,Инициатор премии общественно-деловая платформа The Bridge Club.
8340.479,"Она объединяет иностранных граждан, которые живут и работают в Москве, а также российских профессионалов, заинтересованных в международном сотрудничестве."
8340.479,"В сообщество входит более семи сотен иностранцев, которые живут и работают в нашей стране."
8340.479,А проект реализуется при поддержке департаментов внижнеэкономических и международных связей Москвы и агентства стратегических инициатив.
8340.479,"Среди информационных партнёров телеканал RT, ну и наше министерство, Министерство иностранных дел России."
8340.479,"Всего у премии 12 номинаций, среди которых предпринимательство, культура, наука, инновации, общественная деятельность и традиционные ценности."
8340.479,Подать заявку на соискание премии можно до 11 мая.
8340.479,"А до 11 мая включительно, но надо поторопиться."
8340.479,Нужно заполнить соответствующую форму на сайте премии.
8391.56,Ссылки будут в тексте брифинга.
8391.56,А заседание жюри состоится 27 мая.
8396.479,Торжественная церемония награждения победителей пройдёт 18 июня текущего года.
8396.479,"Мы приглашаем помимо желающих принять участие в самой премии, ещё и председателей средства массовой информации для освещения и особенно иностранных коллег, которые пишут о России, а чтобы не писали не были, а писали правду."
8396.479,"Пожалуйста, приходите, приезжайте, смотрите, пишите, берите интервью."
8421.08,"Среди лауреатов премии я, ну, не могу с точностью сказать на 100%, но могу предсказать, что будет много достойных иностранных граждан, которые живут и работают в Москве и которые вносят большой вклад в поддержание развития международных связей."
8421.08,"Так вот, предложение к иностранным зарубежным средствам массовой информации."
8442.16,"Приезжайте, поговорите с ним, они вам расскажут, э, о том, хотят ли русские войны."
8448.439,"А, и хочу сказать, что у нас много вопросов, я готова к ним сейчас перейти."
8448.439,"У нас есть традиция первый вопрос давать журналу Международная жизнь, но мы отступим от этой традиции, потому что есть другая традиция."
8448.439,"Тогда, когда мы приезжаем с выездным брифинг куда брифингом куда-либо в какой-либо наш регион или на какую-то площадку, мы всегда даём приоритетное слово представителям средства массовой информации местно."
8448.439,"Итак, с нами ли, а я знаю, что с нами информационное агентство Удмуртия."
8489.0,"Да, пожалуйста."
8490.2,">> Да, здравствуйте."
8490.2,"Дарья Ушакова, информационное агентство."
8492.359,">> Да, я прошу прощения."
8492.359,"Я, знаете, хотел бы что сделать?"
8492.359,"Я хотела бы, во-первых, сказать, что у нас, а, вопросы будут задаваться в таком гибридном формате."
8492.359,"Это будут вопросы, а, из зала и вопросы онлайн."
8492.359,"Но я хотела бы сказать, что прежде чем перейти к вот такому живому общению с представителями средств массовой информации, я хочу ещё раз, а, от имени всего министерства от себя лично высказать слова самого искреннего и глубочайшего соболезнования семье, родным и близким, друзьям Ксея Пиманова, который вчера, к сожалению, нас покинул."
8533.2,"Вы знаете, были опубликованы и соболезнования от министра иностранных дел Российской Федерации Сергеевича Лаврова."
8533.2,"А свои воспоминания об Алексее Иманове он, я имею в виду глава российского внешнегополитического ведомства, выскажет также и для телеканала Звезда."
8558.84,отдельно вы сможете сегодня с ними ознакомиться.
8562.72,"Я хотел бы сказать, что Алексей Пиманов, я не могу сказать, был."
8562.72,"Он навсегда остаётся великим журналистом, потрясающим профессионалом."
8572.12,"А он остаётся тем самым гражданином, а, нашей страны, который объединяет аа лучшие традиции как профессионализма, так и патриотизма, вообще не разделяя их."
8572.12,"А это человек, для которого понятие гражданского общества имело прикладное значение."
8572.12,"Это было отношение искреннего соучастия и деятельного сочувствия к тем проблемам и трагедиям, которые переживаются граждане, граждане нашей страны."
8572.12,"А он был, по сути, остаётся навсегда, несмотря ни на что, а душой руководителем, а настоящим лидером холдинга Звезда."
8572.12,"Но он же и бессменный ведущий программы Человек закон, которая для огромного количества наших граждан действительно была возможностью использования а журналистики."
8572.12,"плохо, когда говорят использовать журналистику, но в этом случае очень даже хорошо для совершения справедливости долгожданный, а для многих может быть и утраченной из-за неверия."
8572.12,"А он помогал вернуть веру, он помогал вернуть справедливость на подобающее ей место, на педестал."
8572.12,"Он помогал своими действиями, своей работой, своим профессионализмом."
8572.12,"Он был другом, он был патриотом, он был журналистом, он был гражданином, он был человеком."
8572.12,А уникальная личность.
8572.12,"И не могу не сказать об этом вот так, начиная общение с вами."
8572.12,А вижу много молодых журналистов.
8572.12,"Вы знаете, вот на такого человека, как Алексей Пиманов, стоит равняться."
8572.12,"И помимо всего прочего, это человек, который никогда не забывал о творчестве как о возможности сказать о чём-то, не только языком сухим, бюрократическим, не только языком репортажей, сюжетов, а языком действительно сердца, души, используя то дарование, которое у него есть."
8572.12,"Его фильмы, посвящённые Крыму, я очень советую вам пересмотреть в эти дни."
8716.8,"А светлая память, никогда не забудем."
8716.8,"И низкий поклон ему за всё, что он сделал."
8724.08,"64 года, а сделал он так много."
8724.08,"Мог бы ещё, я думаю, очень много сделать, но это тот самый случай, когда, мне кажется, каждый день его жизни был наполнен э чем-то деятельным, чем-то творческим и чем-то по-настоящему аэ значимым."
8724.08,"Да, извините, пожалуйста, но я просто не могла это не сказать."
8744.2,"Пожалуйста, >> Мария Владимировна, вы говорили про сохранение исторической памяти."
8744.2,"Вот скажите, пожалуйста, удал удаётся ли привлечь к этому молодых людей или молодёжь, ну, не понимает значимости сохранения достоверной информации о Великой Отечественной войне?"
8744.2,Спасибо.
8762.0,"А, вы знаете, не мне оценивать, а так как нам работать."
8762.0,Вот давайте так.
8762.0,"Мы будем работать, и мы работаем."
8762.0,"И, э-э,, честно говоря, есть уже, э-э, результаты, мне кажется."
8762.0,"А, оценивать будет, во-первых, российское руководство, во-вторых, российский народ, а, в-третьих, а, наши потомки."
8762.0,И ради них мы эту работу и ведём.
8762.0,"Мы ведём эту работу не ради наград и ради того, чтобы нас хвалили, а, отмечали."
8762.0,"Мы ведём эту работу для того, чтобы передать настоящую эстафету памяти, а будущим поколениям для того, чтобы наши дети, для того, чтобы грядущие поколения, а для того, чтобы граждане нашей страны, а знали нашу историю и знали, благодаря кому и какой ценой выстроены, сохранены, а порой и восстановлены наши города, наши регионы."
8825.359,"Наша промышленность, наука, наша культура."
8825.359,Из чего соткана Россия?
8825.359,"Что является её культурным кодом, что является её ДНК."
8837.72,"Без знаний о Великой Отечественной и вообще, а, о, нашей истории в целом."
8846.6,"Говорить о том, что наша страна, а, полноценна без сохранения этой исторической памяти, нельзя."
8846.6,"Да, как огромной территории можно, да, как о, так сказать, территории с огромным количеством ресурсов можно будет говорить, но как стране цивилизации нет."
8863.52,А мы страна действительно цивилизация.
8866.68,Поэтому наша задача работать.
8870.479,"Мне кажется, что эта работа дала свои результаты."
8875.72,"И главное результат, и я могу его сравнить, потому что моё детство и юношество приходились как раз на конец восьмидесятых, начало девяностых."
8875.72,"И я помню, а абсолютное состояние такого надвигающегося аа вакуума памяти, исторической памяти."
8899.04,"А когда отменяли, буквально воровали у нас и у нашего народа историческую память, подменяли настоящими, а, квази фактами, ложными фактами, заменяли историческую литературу на фейки или просто на какую-то ложную дезинформационную билетристику, как пытались очернить, а, героические а геройства и героические поступки наших предков, как пытались, э, в том числе, используя экономические сложности, буквально, а, отказаться их даже от собственных наград, чего только не пытались с нами сделать."
8899.04,"Я думаю, что реальным результатом этой самой исторической работы по сохранению исторической памяти является то, что нет сегодня, ну, я говорю и символически, и я, честно говоря, думаю, что и практически, но нет сегодня того школьника, который не знал бы о подвиге героев Второй мировой войны, э, которые были в рядах Советской армии, Красной Армии."
8972.04,"Нет того школьника, который не знал бы о, а победе нашего народа в Великой Отечественной войне."
8972.04,"Нет бы, нету такого школьника, который бы не знал о 9 мая."
8972.04,"А и нет, я надеюсь, и не будет больше попыток извне, а каким-то образом переписать нам нашу историю уж на этом направлении."
8972.04,Точно.
8972.04,"Наверное, стараться они будут каким-то образом опять нагадить, навредить, но у меня есть ощущение, что на определённый этап, вот на определённую историческую перспективу создан иммунитет."
8972.04,"Другое дело, что его поддерживать надо."
8972.04,"Другое дело, что это вечная эстафета."
8972.04,У неё не будет конца.
9022.439,"Нужно каждый раз думать о том, как передавать следующему поколению эти знания, эти навыки и завещать работать на этом направлении."
9022.439,А работать должны все.
9022.439,"Это не только задача историков, архивистов, это не только задача наших военно-исторических обществ, это задача всего общества, образовательного сектора, аа наших нашего всего гражданского общества, а родителей, безусловно."
9022.439,А потому что с сохранение истории семьи во многом начинается сохранение исторической памяти и государство в целом.
9022.439,"Я имею в виду, это задача всего государства в целом."
9022.439,"И да, задел создан, да, иммунитет, безусловно, есть, но тема становится всё равно с каждым годом всё более актуальной."
9022.439,Почему?
9022.439,"Потому что международные отношения переписываются именно исходя из ложных исторических, как они на Западе говорят, нарративов."
9082.92,"То есть переписывание истории предполагает оправдание отказа их, например, от международного права, игнорированиние устава Организации Объединённых Наций, а возможность героилизации преступников, нацистов, фашистов, вновь сегрегации человечества на тех, кому жить, как они говорят, в прекрасном саду, и на тех, кому жить вечно в неких джунглях, на тех, кому всё положено, и на тех, а кого называют золотой миллиард, и на тех, кто должен нужно всё это обслуживать и кому не положено ничего."
9082.92,"А поэтому, да, это вызов и в нашей концепции внешней политики, а в качестве одной из приоритетных задач эта работа обозначена колоссальная работа проделана Министерством иностранных дел в год восьмидесятилетия Победы."
9082.92,"Наше посольство проводили, каждое из посольств проводило десятки материатий."
9137.04,"Это и материалы в местных средствах массовой информации, это и все акции памяти, и георгиевская ленточка, и свеча памяти, и, э, сад, и дороги славы, и сад памяти, и хранители памяти."
9137.04,"Во всех этих мероприятиях МИД и наше посольство, э, играли, даже не играли, а участвовали и принимали самую активную роль."
9137.04,"и все возможные мероприятия с соотечественниками, и выставки, и экспозиции, пресс-конференции, а торжественные приёмы."
9137.04,"И не думайте, что это исключительно только протокольные мероприятия."
9137.04,"Нет, они были, так сказать, все проведены с большим таким фактологическим, историческим компонентом."
9137.04,"Либо экспозиции, либо выступления, выступление наших коллективов на культурно-гуманитарной Ниве."
9137.04,Сколько всего было сделано за эти годы.
9137.04,"Фантастическим проектом стал, а, проект хора Турецкого, который был поддержан, э, мэром Москвы Сергеем Семёновичем Собяниным и, конечно, Министерством иностранных дел Российской Федерации, нашими посольствами за рубежом Песни Победы."
9137.04,С этим проектом а Хор Турецкого объездил огромное количество стран.
9137.04,"А был и в Германии, в Берлине, и в Израиле, и Восточной Европа, и в Соединённых Штатах Америки."
9216.279,"Пели на площадях, на концертных площадках, пели в залах, пели в посольствах."
9216.279,А я была свидетелем и даже участником одного из таких концертов в зале Генеральной ассамблеи ООН.
9216.279,Дважды там проходил концерт хора Турецкого.
9216.279,"И мне посчастливилось видеть в зале, а мы сделали всё, чтобы их привести в ветеранов, которые проживают в Соединённых Штатах Америки."
9216.279,"Это и дети, узники концлагерей, и семьи, которые и пели вместе с хором турецкого песни Победы, и плакали, и окружали нас плотным кольцом со словами благодарности за то, что а в Нью-Йорке, в Организации Объединённых Наций звучат песни их победы."
9261.439,"Поэтому ещё одним очень важным моментом является то, что мы не делим в политическом и практическом смысле победу на свою и чужую, что мы каждый раз подчёркиваем объединительный её характер и тогда, и сейчас."
9261.439,"Да, к сожалению, мы одни."
9261.439,"Ну, не могу не сказать про наших белорусских коллег."
9280.04,"Конечно, они всегда с нами в данном случае, но мощно."
9280.04,"Вот так, чтобы аа набам на весь мир отстаиваем памятники."
9288.2,"Мы одни, но мы не считаемся."
9288.2,"Мы не говорим о том, что отстаиваем их, потому что там только наши или только жители, так сказать, нашей территории нет."
9288.2,"Там все, а, и всех национальностей."
9288.2,"И мы эти памятники отстаиваем не по национальному признаку, а по принципу их вклада в победу над абсолютным злом на нашей планете."
9288.2,Мы работаем вместе и плотно на площадке СНГ и ОДКБ.
9320.2,Мы работаем с нашим гражданским обществом.
9320.2,"Я сейчас говорю про Министерство иностранных дел, низкий поклон и российскому военно-историческому обществу."
9320.2,И ведём вместе с ними портал местопамяти.
9337.279,Это реестр уничтоженных памятников в недружественных странах.
9337.279,Для чего это делаем?
9337.279,"Чтобы потом нам никто не сказал, что этих помеков вообще не было."
9337.279,"А мы создали целый раздел на сайте, посвящённый нашей деятельности."
9337.279,Ссылки мы все добавим текст сегодняшнего брифинга.
9337.279,"Ну, ещё раз хочу сказать, оценивать нас будут потомки, а нам нужно работать."
9337.279,"Так, идём дальше."
9337.279,С нами ли а Удмурская правда?
9370.12,"Да, пожалуйста."
9370.12,"Я просто не всех знаю, так что помогайте мне."
9370.12,Да.
9370.12,"А, добрый день, Альбина Шейхуддинова."
9370.12,"26 апреля исполнится 40 лет Чернобыльской аварии, и хотелось бы узнать, что сейчас там происходит."
9385.12,">> Да, спасибо большое."
9385.12,"26 апреля, а это дата особая не только для граждан России, Белоруссии и Украины."
9385.12,Это дата особая для всего мира.
9385.12,А мы и это не только просто день памяти о жертвах Чернобыльской катастрофы.
9385.12,"Это день предупреждения о том, к чему может привести манипулирование темой а-а ядерной энергетики."
9414.12,"В этот день, конечно, мы вспоминаем о беспримерном подвиге советских ликвидаторов, которые встали на борьбу с радиационной стихии, которые сумели за короткий срок и в тяжелейших условиях возвести после аварийного реактора защитную бетонную стену, соорудить под ним плиту для защиты грунтовых вод, возвести тот самый саркофаг, выполнить ряд других абсолютно уникальных даже для обычных условий, а уж тем более для тех инженерно-технических работ."
9414.12,"А мы не забываем о них, мы помним, а и обязательно тоже разместим ссылки в тексте брифинга на материалы, а в их честь, в их память."
9414.12,"Мы помним и о тех, чьи жизни тогда оборвались, и о тех, кто страдал все эти годы от лучевой болезни."
9466.8,"Знаете, по оценкам украинских экспертов, и вот это уже другая тема, которая связана с этой датой, ввиду срока давности и нестабильности конструкции, которая возводилась в чрезвычайных обстоятельствах, саркофаг давно требует ремонта."
9484.56,"Европейские страны, вот эти самые есовские, которые переводят, мы сегодня об этом говорили немало, миллиарды, десятки миллиардов, сейчас уже сотни миллиардов евро, долларов, а на убийство, осуществляемое руками киевского режима, очень хорошо знают о состоянии саркофага над Чернобыльской от АЭС, но они не считают нужным выдеть необходимую для укрепления защитных сооружений сумму."
9515.12,"Хотя эта сумма осязаемая, она не идёт ни в какое сравнение с той колоссальной суммой, которая тратится на убийство."
9524.04,"Опять же, со стороны стран Европейского Союза."
9524.04,"Они предпочитают многомиллиардные вложения в милитаризацию Украины и в терористические акты, которые совершает банковое."
9535.56,"Получается гораздо проще, ну, с их точки зрения, получается гораздо проще, а, списать обрушение обветшалой конструкции крыши саркофага, э, ну, на якобы попадание в него российского беспилотника."
9552.04,"А я напомню, это не пустые слова, ведь киевский режим уже пытался провести такую инсценировку в феврале двадцать пятого года."
9552.04,"А, и сделано это было тоже не случайно."
9552.04,"в феврале, а, накануне Мюнхенской конференции, а, по вопросам политики и безопасности для того, чтобы она стала как бы вот эта тема запивальной там."
9552.04,"А, но эта провокация была выполнена настолько топорно, что в неё никто не поверил."
9552.04,"Да, мы видим, что киевский режим, его кураторы пытаются использовать ситуацию вокруг Чернобыльской атомной электростанции в качестве элемента ядерного шантажа, страшнейшего ядерного шантажа."
9552.04,Себе во вред.
9552.04,Но разве их на Банковой это интересует?
9552.04,"Я привела пример, цитату руководителя Укрпочты, который сказал, что вывез свою семью в Соединённые Штаты Америки, потому что негоже семье украинской элиты страдать от того, что там происходит."
9552.04,А где дети Зеленского?
9611.52,Где дети Зеленского?
9614.12,Да он их никогда в жизни не подпустит к Украине.
9614.12,Никогда.
9614.12,"Они у него всю жизнь будут где-нибудь там в Лондоне, в Израиле, где угодно, но только не у себя на родине."
9614.12,Поэтому можно всё.
9627.68,"Они просто, видимо, не понимают, как вообще устроен этот мир."
9627.68,"Они, видимо, также не понимают, что есть так сказать ядерная угроза."
9638.16,"Вот, пожалуйста, пример американо-израильской агрессии в в отношении Ирана привели к разливу нефти в армузском проливе."
9638.16,"Она через 2 дня всплыла на берегах мировых курортов, которые не находятся в этом регионе мира."
9638.16,"И никто не знал, потому что никто не приспособлен для отражения такой беды, такой угрозы."
9638.16,Что с этим делать?
9662.479,"А, так сказать, излучение, так сказать, от ядерных, атомных объектов."
9662.479,Что с этим?
9673.16,"Они, ну, это от тотальной безграмотности, коррумпированности и, я считаю, абсолютного расчеловечивания происходят такие манипуляции."
9681.68,"А, конечно, использует киевский режим тему Чернобыльской АЭС, да и саму Чернобыльскую АЭС для создания угроз в целях лживой антироссийской пропагандистской кампании."
9681.68,"при этом абсолютно не задумываются они, каким последствиям может привести обрушение упомянутого саркофага."
9681.68,"Им важнее собственные корыстные, коррумпированные интересы."
9681.68,И ещё раз хочу задать вопрос тому самому Брюсселю.
9704.68,"Вы когда все ваши чиновники принимают решение и Урсула Фундерляйн, и Кайс, и так далее, выделяете миллиарды на помощь киевскому режиму в совершении терактов, неужели не задумывайтесь о том, что ваши же предшественники в Брюсселе вот столько лет назад, сколько, а, так сказать, мы чтим память жертв Чернобыльской трагедии, говорили о том, что её Последствия этой катастрофы ощущались, в том числе в Западной Европы, в кратчайшие сроки."
9739.04,Неужели вы об этом не помните?
9739.04,"Неужели нельзя каким-то образом задуматься об общей их же тоже, в том числе безопасности?"
9748.08,"Так, если у вас всё, идём дальше."
9748.08,Таз.
9754.76,">> Здравствуйте, Мария Владимировна."
9754.76,"Анна Цуканова, агентство ТАЗ."
9754.76,На днях Евросоюз принял решение о предоставлении э Украине кредита в размере 90 млрд евро взамен на выполнение ряд условий.
9754.76,При этом ранее Венгрия блокировала выделение этих средств.
9754.76,Как вы могли бы прокомментировать решение Брюсселя и какие сигналы это даёт о позиции венгерских властей после прошедших в стране выборов?
9754.76,Спасибо.
9754.76,"Ну, это очередное решение, которое принимает Брюссель в ущерб собственным гражданам, в в ущерб интересом и нынешним, и долгосрочным граждан Европейского Союза и бизнес бизнесу ЕС."
9754.76,Я приведу несколько цифр.
9796.6,Они реально можно их и проверить.
9796.6,"Вот посмотрите, страны Европейского Союза имеют задолженности уже сейчас."
9796.6,А эти задолженности уже сегодня существенно превышают объём их национальных ВВП.
9816.68,"Бельгия 106%, во Франции эта цифра 116%."
9822.399,"В Италии 140%, в Германии 150."
9822.399,"Это страны, которые ещё недавно были наиболее благополучными, которые были передовиками с экономической точки зрения."
9822.399,Там же фиксируются риски значительного наращивания государственного долга.
9822.399,"Вот, в частности, в ФРГ."
9822.399,А давайте посмотрим на рост ВВП этих стран.
9822.399,"Может быть, там какие-то опережающие темпы, которые могут покрыть упомянутые выше показатели."
9822.399,"Нет, этот рост рост в еврозоне составил всего лишь а там даже, ну, примерно 1,3%."
9860.319,То есть эта цифра рост ВВП не перекрывает их задолженности.
9865.279,"Идут на этом фоне новые заимствования у собственных же граждан Европейского Союза ради, как они говорят, свободы Украины, на самом деле, ради совершения терактов и, а, так сказать, тотальной милитаризации, которая может привести к катастрофическим последствиям на европейском континенте."
9889.04,"А что, к чему это всё приведёт?"
9889.04,"Это приведёт к тому, что новые вот эти вливания в киевский режим за счёт граждан Европейского Союза увеличат накопленный дефицит национальных бюджетов и станут дополнительным дополнительным фактором расшатывания финансовой системы Европейского Союза."
9909.64,"Где тот резерв, к которому они могут обратиться?"
9909.64,"что должно произойти или что может произойти, чтобы ситуация не стала для них катастрофической."
9909.64,Ничего.
9909.64,"И ситуация, развивающаяся в зоне Персидского залива, лишь только усугубит всё, что там у них происходит."
9931.279,"С учётом того, что вот этот новый кредит, как ожидается, будет подлежать возврату только после получения Украины, как они говорят, компенсации за ущерб от России, эти средства можно считать дополнительным доходом ненасытного и давно обанкротившегося режима в Киеве и, по сути, безвозвратными потерями самого Европейского Союза."
9955.399,"А теперь, что касается позиции Венгрии, то, на мой взгляд, я считаю, что лучше было бы воздержаться от выводов, потому что пока мы, так сказать, шагов нового венгерского правительства просто ещё не видели."
9955.399,"Давайте мы посмотрим, как будут там дела развиваться, и будем комментировать их конкретную, а даже не столько позицию, сколько их конкретные действия."
9984.76,"Так, и теперь, если можно, всё-таки Международная жизнь с нами онлайн, насколько я понимаю."
9989.84,">> Да, здравствуйте, Мария Владимировна."
9992.8,Хотел бы задать вопрос про другие выборы в Европе.
9992.8,"Я имею в виду в Болгарии, которые прошли."
9992.8,И как вот в МИД России оценивают победу на выборах в Болгарии партии экс-президента э болгарского Румана Радева?
9992.8,"Вы знаете, выборы в Болгарии, как и в любой другой суверенной страны стране - это дело, конечно, болгарского народа или народа соответствующей суверенной страны."
9992.8,"А, но при этом, учитывая, что не только вы задаёте этот вопрос, но было большое количество запросов и от российских, и от зарубежных средств массовой информации, эту тему прокомментировать, учитывая, что имена нам, в общем, хорошо все известны, а могу сказать, что уверенная победа на парламентских выборах новой политической силы коалиции Прогрессивная Болгария во главе с бывшим президентом этой страны аа Руном Радевым."
10048.399,"свидетельствует с одной стороны, ну, наверное, об уважении и доверии, которыми пользуется этот государственный деятель, а с другой о наличии в болгарском обществе мощного запроса на перемены, глубоком недовольствии подавляющего большинства граждан засилием, как там было сказано."
10048.399,"И именно это ставилось во главу угла, а, олигархии, повсеместной коррупции, усугубляющимися социально-экономическими тяготами."
10048.399,"Вот это всё хотят болгары, видимо, поменять."
10077.359,"Прогрессивная Болгария получит абсолютное большинство депутатских мандатов, возможности реализовывать свои замыслы без оглядки на другие партии, как об этом было заявлено в Болгарии."
10077.359,"А нельзя не учитывать вместе с тем и масштабы, и степень тех проблем, с которыми а предстоит этой политической силе там иметь дело."
10099.16,"Если говорить о персонале и непосредственно о Румяне Радове, то на посту главы государства он себя проявлял как сторонник ответственной внешней политики."
10099.16,Вот этот кластер нас действительно интересует.
10120.6,"Он проводил политику, основанную на приоритете национальных интересов в Болгарии."
10120.6,"Мы прекрасно понимаем, а что у каждой страны есть свои национальные интересы и выступаем в, так сказать, в поддержку развития так сказать отношений с государствами, которые чётко осознают свои собственные национальные интересы и готовы учитывать национальные интересы других стран."
10120.6,"А, и, кстати говоря, вот многие сейчас, я уверен, ну, по крайней мере, ещё пару лет назад многие бы сказали: ""Послушайте, ну, это какая-то такая банальность."
10120.6,"У всех стран свои национальные интересы и все и, конечно, с кем, как не с такими странами нам выстраивать отношение""."
10120.6,"В том-то и дело, что сейчас, а, народилось целое поколение режимов, которые проводят в своих странах не национальные интересы, не опираются на интересы своих народов, а буквально выполняют тот заказ, который им, знаете, передают из каких-то надстроечных структур."
10182.68,"Смотрите, э вот сейчас в очередной раз это стало мм не столько очевидно, сколько было продемонстрировано Европейским Союзом в отношении с Венгрией."
10182.68,Сколько Венгрия получила до выборов а пенков тумаков.
10182.68,"Так, после выборов Европейский Союз, а сказал, что тут же ставят перед Венгрией в её национальном качестве а соответствующие задачи."
10212.72,"аа, так сказать, вербализует указания, которым должна следовать Венгрия, даже несмотря на то, что она, в общем-то, обладает своим собственным суверенитетом."
10212.72,"И, ну, есть такое ощущение, что сама может разобраться в своих собственных делах."
10212.72,"Но ещё раз говорю, поэтому, а, не думайте, что я в данном случае м использую какую-то такую банальную формулировку."
10212.72,Сейчас она более чем актуальна.
10212.72,"Действительно, та страна, которая исповедует свои собственные национальные интересы, формулирует и готова их реализовывать, в общем, позволяет себе многое с точки зрения, э, логики западного агрессивного меньшинства."
10256.88,"А, будучи президентом ранее Болгарии, он демонстрировал взвешенный подход к ключевым международным проблемам, включая и спровоцированный, подчеркну, не нами, не Россией кризис в отношениях между, а, Российской Федерацией и коллективным Западом."
10256.88,"Мы, как и во всех остальных случаях, будем исходить из тех конкретных шагов, которые будет предпринимать новое болгарское руководство."
10256.88,Мы будем судить по конкретным делам и именно так формировать своё мнение.
10291.8,>> Спасибо большое.
10291.8,"Ещё один вопрос, если позволите."
10291.8,На днях было опубликовано коллективное заявление стран НАТО в отношении несоблюдения России Китаем договора о непространении ядерного оружия.
10291.8,Я вам себе цитату позволю.
10291.8,Россия нарушила важнейшее обязательства по контролю за вооружениями и безответственно прибегла к угрожающей риторики.
10291.8,"Китай продолжает стремительно расширять и диверсифицировать свой ядерный арсенал, не обеспечивая прозрачность."
10291.8,Вот как бы вы могли прокомментировать это заявление?
10327.16,">> Знаете, это действительно очень смешно, потому что характеризуется всё это одной фразой: ""Наварея шапка горит."
10327.16,"Лучше не скажешь""."
10327.16,"Но мне придётся сказать ещё, исходя из политологических терминов, в поддержку этого краткого и ёмкого выражения."
10327.16,"Дело в том, что вот в части враждебного выпада стран НАТО в адрес КНР логично, конечно, было бы дождаться реакции Пекина."
10327.16,"Я думаю, что китайским коллегам есть, что сказать."
10327.16,Они тоже за словом в карман не лезут.
10327.16,"А вот что касается России, мы видели неоднократно попытки навесить какие-то вот эти токсичные ярлыки, продвинуть какие-то инсинуации со стороны натовцев по этой проблематике."
10369.12,"Они, кстати говоря, делают это регулярно."
10369.12,"А обвиняют нашу страну в без, вот опять же цитата из них, в безответственном, а в безответственном и даже не использовании, а в безответственной угрожающей ядерной риторике."
10387.76,Кто-нибудь может привести пример безответственной ядерной риторики со стороны Российской Федерации.
10387.76,"Ну, посмотрите, выступление президента Российской Федерации публикуется в видео и в текстовом формате день в день, когда они были так сказать сделаны эти заявления."
10387.76,"Можно проверить по поиску, можно проверить, а, прочитав всё, где хоть в одном месте когда-нибудь президент Российской Федерации, как там было сказано, безответственно угрожал, а, там, я не знаю, применением, использованием или вообще ядерной темой?"
10422.76,Когда-нибудь такое было?
10422.76,"Наоборот, начиная от там регулярных, я бы сказала, не каждый день тема понимается, но регулярных ответов на вопросы журналистов, а завершая доктринальными документами, начиная от выступления на международных форумах, таких, например, как помните, аа, питерские экономические форумы, где эта тема получила в ходе панельной дискуссии особое освещение, э, заканчивая статьями, и какими-то программными материалами, которые публикуются на официальных ресурсах."
10422.76,"Везде говорится о том, что именно ответственно нужно использовать тему ядерного оружия даже в риторике."
10422.76,И мы к этому всегда призывали.
10422.76,"То же самое могу сказать в отношении Министерства иностранных дел, Министерства обороны."
10422.76,"нету ни одного выступления или заявления, которые можно было бы вот под это определение натовцев, аэ, так сказать, как-то подстроить всё наоборот."
10422.76,Диаметрально противоположная у нас позиция в исключительно за ответственная даже упоминание а этой темы в публичном пространстве в ходе специализированных обсуждений.
10422.76,Уж не говорю о практических делах.
10422.76,А почему надовцы это делают?
10506.16,"Потому что голословные обвинение, повторю сегодня даже за этот брифинг в очередной раз, это традиционный инструмент их, а, политической информационной работы."
10506.16,"А в преддверии обзорной конференции Подняо этот тезис был в очередной раз озвучен для того, чтобы создать определённые предпосылки для, так сказать, критики или просто такого агрессивного риторического наступления на нашу страну."
10506.16,"А теперь давайте посмотрим, что делают они."
10537.76,"А хочется, конечно, подарить им зеркало, но при этом не хочется тратить на них деньги."
10537.76,Вот такая у меня дилемма.
10537.76,"А если бы если бы где-то у них зеркало нашлось, то они бы увидели своё собственное отражение и они бы увидели свою собственную активность, очень вредоносную в виде экспансии на восток."
10537.76,своё стремление бы там увидели геополитически поглотить и военно-стратегически освоить пусальское пространство.
10572.08,"А они бы увидели в этом зеркале очередной замах на освоение, например, Украины под свой плацдарм."
10572.08,"А они бы увидели своё а спонсирование, в том числе терористических актов киевского режима в отношении ядерных объектов."
10572.08,"ядерный шантаж Зеленского, которому они под это тоже деньги дают, они бы увидели, они бы увидели всё то, что они делают и то, что наносит ущерб нашим коренным интересам безопасности."
10606.12,"А и и, конечно, никуда не делось."
10606.12,"И наоборот, а сейчас особо актуально присмотреться к дестабилизирующей практике совместных, это их термин, совместные ядерные миссии аа натовских стран."
10606.12,а которые многие десятилетия как раз-таки и наносят ущерб а режиму договора о нераспространении ядерного оружия.
10606.12,"Но подавляющее большинство стран участниц дня не воспринимает подобную натовскую риторику всерьёз, особенно с тех пор, как Северолатический блок открыто провозгласил себя ядерным альянсом."
10606.12,Вот не хотят они на этот счёт поразмышлять.
10606.12,А и это в очередной раз подтверждено в указанном заявлении стран НАТО.
10606.12,"Мало того, натовцы, а ведь их союз по большей части состоит из номинально неядерных стран, сейчас беззастенчество бровирует намерением оставаться ядерным альянсом на весь исторический период существования ядерного оружия."
10606.12,"Как это всё у них в головах с, так сказать, переплетается, понять невозможно."
10606.12,А потому что именно с этим лозунгом данные страны намереваются появиться на обзорной конференции по дням.
10606.12,Она стартует в конце апреля текущего года в Нью-Йорке.
10606.12,Вот буквально на днях.
10685.359,Что это?
10685.359,"Цинизм, болезненность, просто наглость."
10685.359,"Я думаю, всё вместе."
10685.359,"И, кстати говоря, не меньшим цинизмом отдают и рассуждение натовцев о, а неких мифических нарушениях России обязательств в области контроля над вооружениями."
10685.359,Что мы нарушили?
10685.359,Где эти факты?
10685.359,"Вот я ещё раз говорю, на авареи шапка горит."
10685.359,"Именно полная и безоговорочная поддержка союзников США по НАТО дополнительно стимулировала последние десятилетия Вашингтон к новым, всё новым шагам по целенаправленному достижению системы соглашений."
10685.359,"Даже не не достижений, а наоборот, демонтажу у, так сказать, уничтожению системы соглашений по контролю над вооружениями с целью обеспечения подавляющего военного превосходства Запада, как они сформулировали, над любым противником."
10736.6,А вот я опять же конкретные примеры тоже могу вам привести.
10736.6,"Вереница договоров, а, которые ушли буквально в небытиё по результатам подобной разрушительной политики, она, ну, если не сказать бесконечна, то весьма длинная."
10736.6,"Выход США в 2002 году из договора ПАПРО, а недавний категорический отказ американской страны от сохранения наследия договора о СНВ в виде добровольных самоограничений."
10765.88,"И вот это, между прочим, всё осуществляется на фоне заявлений Вашингтона о готовности в любой момент приступить к наращиванию ядерного арсенала сверхлимитов по ДСНВ и возобновлению ядерных испытаний."
10765.88,"Эти заявления вы тоже все слышали, в разрез с так и нератифицированным американской стороной договором о всеобрещем запрещении ядерных испытаний."
10765.88,"А теперь, говоря о провокационных действиях США в ядерной сфере, нельзя забывать о дестабилизирующих шагах и Британии, и Франции, которые опять же расходятся с их обязательствами по дняо."
10765.88,"А а эти обязательства заключаются в том, чтобы не провоцировать гонку вооружении."
10765.88,"А я напомню, хотя мне кажется, это все, кто следят за этой темой в курсе, Лондон и Париж буквально взяли такой открытый и чёткий курс на наращивание национальных ядерных потенциалов."
10765.88,"При том, что Лондон вовлечён в углубление, расширение схем, опять же, я об этом говорила, совместных ядерных миссий НАТО."
10765.88,"А Париж запустил инициативу передового ядерного сдерживания, а она предполагает непосредственное вовлечение неядерных европейских стран, на территории которых теперь могут размещаться элементы французских ядерных сил."
10765.88,"Значит, теперь вернёмся к формулировкам, которыми нас пугали и обзывали, что мы, как там, не безосновательно, а мы безответственно используем ядерную риторику."
10864.76,"Вот то, что я вам сказала, это как раз натовская безответственная ядерная риторика, которая ещё предполагает такие же безответственные действия в этой ядерной сфере."
10864.76,Почему?
10877.6,"Есть соглашение, есть договор, там всё чётко указано."
10877.6,Они манипулируют этими темами и делают это буквально каждый день.
10888.399,"Британские и французские власти наравне с правящими элитами многих других европейских стран, которые находятся вот таком антироссийском угаре, стремятся вывести спираль эскалации, напряжённости, ну, теперь уже на новый уровень, на ядерный уровень."
10888.399,Зачем они это делают?
10905.72,"Тоже, в общем, мы можем как бы можно это всё понять."
10905.72,Их вероятная цель ещё больше запугать своё население мифической угрозы со стороны России.
10905.72,Вот это и есть тоже безответственная ядерная риторика.
10921.16,А для чего им нужно запугать?
10921.16,"Опять мы сегодня об этом говорили для того, чтобы беспрепятственно реализовывать курс на тотальную милитаризацию европейс вот за Западной Европы, европейской, э, так сказать, агрессивной политики, её реализации за счёт и в ущерб иных сфер жизни собственных граждан, полностью завершая эпоху так называемого западноевропейского благополучия и превращая их в очередных заложников собственных, то ли ошибок, то ли преступлений."
10957.08,"Но это, кстати говоря, не всё."
10957.08,"Это, я бы сказала, ещё цветочки."
10957.08,"В контексте, а, договора о нераспространении ядерного оружия нельзя не вспомнить о том, что благодаря своевременно добытый и обнародованной нашими спецслужбами информации удалось скрыть, и, я очень надеюсь, пресечь на корню, скрытую передачу британцами и французами элементов ядерного оружия или ядерных технологий киевскому режиму."
10957.08,"Это стало бы вопиющим и абсолютно неприемлемым, преступным подрывом центральных положений договора о нераспространения ядерного оружия и жизнеспособности вообще данного договора."
10957.08,"Ну и, конечно, невозможно в данном контексте обойти стороной удар, сильнейший удар подня системе гарантии МАГАТ, которые стали неспровоцированные, не оправданные, а я бы сказала ещё противоправные."
10957.08,Нападение Израиля и Соединённых Штатов Америки на Иран.
10957.08,"Ну, во-первых, сами факты этой агрессии являются вопиющим примером использования режима нераспространения ядерного оружия и дня, на котором он основывается в своих собственных целях в качестве предлога для применения военной силы против, так сказать, неугодных режимов правительств с целью их свержения."
10957.08,"А, а то и дальше вообще, как было сказано, разрушение государства и в целом цивилизации."
11050.88,Но есть ещё один компонент.
11050.88,Удары по Ирану нанесены прежде всего в интересах Израиля.
11050.88,"Государство, которое исторически игнорирует договор о нераспространении ядерного оружия, но смеет выдвигать распространческие обвинения в адрес других стран."
11050.88,"В свою очередь США, которые поддерживают и, так сказать, политически и участвуют в этой агрессии, были одними из инициаторов разработки и подписания ДНЯо и, между прочим, остаётся одним из их из его депозитариев."
11082.8,"Таким образом, все эти шаги со стороны НАТО очередным образом, очевидным образом и в очередной раз наносят непоправимый ущерб глобальному режиму ядерного нераспространения, которое, конечно, основано на дняо, мешают полноценному достижению его целей и, в принципе, развивают международное право ещё и на данном направлении."
11105.72,"А государственным участникам предстоящей обзорной конференции данного договора предстоит, как мы считаем, дать должную оценку действиям натовцев."
11105.72,"Поэтому мы к этой работе готовы, приложим к этому необходимые усилия и будем вас информировать о ходе работы."
11125.88,"Так, возвращаемся в зал."
11125.88,"Знаю, что у нас есть вопрос от телеканала Удмуртия."
11138.52,Телеканал Удмуртия.
11138.52,Елена Обуховская.
11141.96,"Мария Лдевы, здравствуйте."
11141.96,У меня вопрос про туризм.
11145.16,>> Да.
11145.439,>> А в Удмуртии у нас сегодня очень >> Я готова.
11148.359,>> Да.
11148.359,Дадада.
11148.359,Вы сегодня уже очень хорошо в начале брифинга прекрасно рассказали про наш туризм.
11148.359,Мы его активно развиваем сегодня.
11148.359,"И вот хотелось бы спросить ваше мнение о потенциале на есть ли сегодня потенциал для для привлечения туристов из наших дружественных стран именно в российские регионы, не в большие центры, не в столицу, не в крупные города, а именно вот в регионы."
11177.279,">> Ну ещё раз включение ваших туристических туристских возможностей в Ещё раз повторите, пожалуйста."
11177.279,"Что что нужно сделать для того, чтобы иностранные туристы приезжали именно в российские регионы, чтобы они приезжали?"
11193.84,"Давайте прямо поставим вопрос, сформулируем его вот таким образом >> так сказать заострим на нём и вообще обострим дискуссию."
11202.279,"На самом деле, я считаю, что тем более чем интересная, но, конечно, должны профильные наши ведомства, которые занимаются проблемами туризма, давать на этот вопрос ответ."
11202.279,"И, а, конечно, ещё раз, в данном случае, наверное, я своё такое в большей степени личное или лично экспертное мнение скажу."
11202.279,Колоссальный потенциал у нас есть нашего внутреннего туризма.
11202.279,"И я сейчас основываюсь не только на своём, а, ощущении этой темы, но и мировом опыте."
11236.52,"А я видела сама, как развивается туристическая сфера в том же самом Китае, который, с одной стороны всегда был рад зарубежным гостям, но по ном-то этапе сделал абсолютно правильное и оправдавшее себя неоднократно решение и сделал ставку на, в том числе, развитие внутреннего туризма."
11236.52,"Во-первых, это не только для развлечения, это в том числе для познания."
11236.52,"Люди, проживающие в стране, должны о себе знать."
11236.52,"А-э у нас с этим, давайте признаемся честно, большая проблема."
11236.52,"У нас бывают люди, которые м до преклона годов а не бывали э даже в крупных столичных городах."
11236.52,"Я ни в коем случае не склонна кого-то обвинять, потому что люди проживают разную жизнь."
11284.12,"в том числе и исторические эпохи разные, и вызовы разные, и проблемы разные, но нужно сделать так, чтобы внутренний туризм активно развивался."
11284.12,"В и, наверное, в одну из первых целей по главу угла поставить вопрос познания и узнавания самих себя."
11284.12,"А, конечно, второй момент - это, безусловно, тот самый туризм, который нацелен на а отдых, который будет созидательный."
11284.12,"Не тот отдых, после которого ещё и лечиться надо, а тот отдых, который даёт силы."
11315.96,"Опять же, наши регионы, а с учётом их возможностей оздоровительных, природа, экология, такие возможности, да, даёт все, всем разнообразные, а, по, э, так сказать, и по кошельку, и по, э, интересам, и, и по возрасту, кстати говоря, тоже."
11315.96,"А поэтому мы сейчас, конечно, я сейчас скажу и о международном туризме, но ни в коем случае нельзя пренебрегать и не делать ставку на наш внутренний туризм."
11315.96,"А и самое удивительное, он даёт колоссальный эффект и самим людям, и всему обществу, и государству в целом."
11315.96,"Как правило, а когда знакомишься с людьми в том или ином регионе или общаешься с с людьми на эти темы, я слышу одну и ту же фразу: ""Мы даже представить себе не могли, какая у нас страна""."
11315.96,Нам даже в голову не могло прийти.
11315.96,"И дальше начинается, а что в Краснодарском крае есть лиманы, удивительное природное явление, где растут лотосы, что Сахалин, а богат не только рыбными ресурсами, но и фантастической природой, уникальными, а пейзажами и так далее."
11315.96,И дальше вот уже можно этот ряд продолжать до бесконечности.
11315.96,"А, но мне кажется, ваш вопрос был непосредственно про международный туризм."
11315.96,Давайте к нему и вернёмся.
11315.96,"Регион уже славится своими фестивалями, своими праздниками."
11315.96,О многих я уже сказала.
11315.96,"А я напомню, даже не столько вам, сколько нашей, так сказать, онлайн аудитории, которая за нами следит, Ижепск стал одним из финалистов номинации Город въездного туризма Всероссийской премии туристические города."
11315.96,А и как раз одним из центров притяжения становятся проводимые в Удмуртии международные события.
11315.96,"Это и этногастрономический фестиваль Всемирный день пельменя, это и фестиваль циркового искусства, различные концерты, спортивные мероприятия."
11315.96,И здесь международный компонент з очень большой.
11450.84,"Аа я понимаю, что Москва, Санкт-Петербург вызывают определённую ревность, а как и Сочи, и Екатеринбург, и Владивосток, в том числе за счёт большого количества форумов."
11462.8,"Но популярными направлениями уже становятся и уже стали и Волгоград, и Казань, и Калининград, и Иркутск, и Морманск, и Новосибирск, и Нижний Новгород."
11462.8,"И я считаю, что все возможности есть и у, конечно, у Удмуртии."
11462.8,"Я напомню вам, что МИД России, Министерство иностранных дел России входит в экспертный совет программы по развитию въездного туризма ""Открой твою Россию""."
11462.8,А она направлена на подготовку регионов к выходу на международные рынки.
11462.8,"И по по итогам конкурса 10 регионов победителей с самыми перспективными туристическими продуктами получают целый комплекс мер государственной поддержки, включая продвижение за рубежом."
11462.8,"В их число вошли Амурская, Иркутская, Мурманская, Сахалинская, Тульская, Тюменская область Республики Алтай, Алтайский и Приморские края, Хантеманцийский автономный округ Югра."
11462.8,"Удмуртия показала очень хороший результат, обошла 2/3 других субъектов Российской Федерации, которые приняли участие в отборе."
11462.8,"Но, ска, есть к чему ещё стремиться."
11462.8,"Теперь, что мы можем сделать для этого?"
11462.8,"Мы готовы оказать содействие в проведении презентации потенциалов региона, их турпродуктов на базе российских загран учреждений за рубежом."
11462.8,А также готовы приве провести целый ряд презентационных мероприятий для дипломатического корпуса в Москве.
11545.88,"Ну и, конечно, на многосторонних площадках, например, наших поспредствах при международных организациях, в частности поспредство России при ЮНЕСКО в Париже."
11545.88,А добро пожаловать.
11558.68,"Используйте всё, что у нас есть."
11558.68,"Мы открыты, мы готовы, у нас уже есть хороший опыт работы с другими регионами."
11558.68,"А, ну я, наверное, и не должна, наверное, это не моя задача, но просто напомню, что естественному росту числа приезжающих туристов способствует и расширение гостиничественного фонда, развития инфраструктуры, транспортного сообщения."
11558.68,"А, и я абсолютно уверена, что запуск нового именно международного терминала Ижевска, прямые прямые международные рейсы, которые запланированы на конец текущего года, повысят привлекательность региона именно для иностранных туристов."
11601.2,"Так, идём дальше."
11601.2,"А, Спутник по видеосвязи с нами должен быть."
11601.2,Вы с нами?
11608.84,">> Да, здравствуйте."
11608.84,"Да, мы с вами."
11608.84,Мария Владимировна.
11608.84,"Добрый день, коллеги."
11613.319,Добрый день.
11613.319,"Зухраш Мухаметова, международное информационное агентство радио Спутник."
11613.319,"А как вы можете прокомментировать, Мария Владимировна, а в введение, а утверждение Советом ЕС 23 апреля текущего года очередного пакета односторонних санкций против России?"
11613.319,"Я считаю, что главной характеристикой двадцатого пакета санкций Европейского Союза против России, а, стало заявление брюссельской бюрократии и отдельных представителей Евросоюза о том, что они тут же начали работать над двадцать первым пакетом."
11613.319,"А, вы знаете, это был бы действительно уже анекдот."
11613.319,Он и есть анекдот.
11613.319,Вот мы сегодня говорили про саркофаг над Чернобыльской атомной электростанции.
11613.319,"Вы представляете, вот опять это ещё одна сцена из этого самого западного театра абсурда."
11613.319,"У вас на европейском континенте, у ваших же подопечных на Украине, так сказать, не только на банковой крыше отъехала, но ещё она отъезжает над Чернобыльской атомной электростанцией, а над тем, что осталось после её аварии."
11613.319,"Может быть, надо было бы вот эту всю группу юристов, экономистов, финансистов, которые они задейство задействовали для выработки антироссийских санкций, задействовать для обеспечения хотя бы их же собственной безопасности."
11613.319,"Нет, зачем?"
11707.16,Лучше разрабатывать пакеты с пакетами против России.
11712.8,"А цинизм, глупость, преступность, халатность, безразличие, а всё, что вы будете использовать в данном случае из этого синонимического ряда всё подойдёт."
11726.84,А основную ставку теперь они сделали на ограничение возможности экспорта России углеводородного сырья.
11726.84,"То есть весь мир задаётся вопросом, ну, глядя на сводки того, что происходит на Ближнем Востоке, на Востоке."
11726.84,"А где и как взять углеводородное сырьё, чтобы гарантировать себя в поставках, в развитии, в отоплении, в конце концов."
11750.0,"Но Европейский Союз, как говорится, продолжает есть кактус."
11750.0,"больно, страшно, а последствия чудовищные, но вот сами поставили себе такую цель и сами её, а достигают каждый раз, тут же произнося как мантру, что и в будущем продолжат идти тем же путём."
11779.68,"Вот всё, что они делают, я имею в виду ограничение российского экспорта."
11784.6,углеводородного сырья.
11784.6,Всё это происходит в условиях глобального энергетического кризиса и остроо ощущаемой в большинстве регионов мира нехватки доступных ресурсов.
11784.6,"Я думаю, что страны, как их называют, а, западники там, третьего мира, аа страны, которые ранее были колониями, а, западного мира, а они они смеются, они, аэ, не могут поверить своим глазам, что те государства, которые их учили, а, быть как бы цивилизованными, учили их жизни, учили их бизнесу, экономике, принимают абсолютно сумму самоубийственные для себя решения."
11784.6,"Ещё раз говорю, ведь должно же быть при таких шагах какие-то скрытые или, ну, очевидные, то есть, может быть, скрытые от общих глаз, но, очевидно и для экспертов выходы из тупика, в которые они загоняют себя."
11845.439,"Но эксперты-то говорят другое, этих скрытых ресурсов нет."
11850.439,"И пытаясь дополнительно дестабилизировать глобальные энергорынки, Брюссель а бьёт и по себе, а затем они бьют, естественно, по развивающимся странам, которые уже не в состоянии обеспечивать покупку энергоносителей по искусство искусственно завышенным ценам."
11869.92,"Аа я ещё раз хочу сказать, но и сам Европейский Союз уже не может платить в три дорога за энергосырьё."
11879.439,"То есть сейчас речь идёт не только о том, что они на словах, выражая поддержку и заботу о странах развивающихся, делают им хуже, но в первую очередь идёт речь уже о экзистенциальном кризисе для самого самого Европейского Союза."
11898.279,Но есть маленький нюанс.
11898.279,Страны Европейского Союза давно привыкли жить в долг.
11898.279,"Я сегодня цифры приводила, и это только цифры сегодняшнего дня."
11910.199,"Аа, возможно, они предполагают, что у них, а, будет такая возможность, а, извините за тавтологию, а, и для этого милитаризуются, для того, чтобы, как говорится, а, концы все потом спрятать воду."
11910.199,"Сложно задать, сложно ответить на этот вопрос, потому что это всё абсолютно похоже на тотальное безумие."
11934.0,"И помимо подрыва энергобезопасности, вот этот самый двадцатый пакет антироссийских санкций угрожает ещё естественным образом и продовольственной безопасности, потому что опять вводятся экспортно-импортные ограничения, в том числе на удобрение."
11934.0,"Теперь внимание, давайте вспомним, как в двадцать втором году этот же самый Европейский Союз, его отдельные члены, его брюссельская бюрократия бились за так сказать зерно, которое должно было быть разблокировано."
11968.92,"Кричали и обвиняли нашу страну, что мы хотим якобы весь мир оставить голодными и что мы ещё якобы делаем что-то не так, что не даёт удобрениям доходить до стран потребителей."
11981.68,"Сейчас именно эти же страны, которые больше всего ратовали за продовольственную безопасность, принимают меры для того, чтобы нанести этой мировой продовольственной безопасности ущерб."
11994.279,"А чем дальше, тем больше антироссийские санкции Европейского Союза вступают в противоречия с интересами всего международного сообщества и число стран, чьи экономические операторы попадают в есовские чёрные списки, растёт."
11994.279,"И всё это на фоне, естественно, разговоров о правах человека и о заботе о развивающихся государствах."
11994.279,"Вот посмотрите, какие страны напрямую, а, какие страны будут напрямую затронуты очередным вот этим двадцатым пакетом езовских санкций."
11994.279,"Китай, Эмираты, Узбекистан, Казахстан, Киргизия, Белоруссия, Турция, Индонезия."
11994.279,к этим странам.
12034.56,А вроде бы у Европейского Союза претензий не было.
12034.56,Вроде бы они эти страны своими врагами не называли.
12034.56,"Вроде бы они не говорили о том, что этим странам они должны нанести стратегическое поражение."
12034.56,"А за что же они тогда, эти страны, таким образом вот так, а, ну, я не знаю, подвергают аа таким незаконным а мерам воздействия?"
12061.319,"Так что это целый комплекс, это не просто одна характеристика."
12061.319,"Хочется, конечно, кратко, ёмко, парой фраз всё это характеризовать, но мы должны видеть суть того, из чего состоят эти меры."
12061.319,"А поэтому здесь и безумие, здесь и проведение чужих, несвойственных и чуждых самим себе интересов."
12061.319,"Это и, а, так сказать удар по европейскому континенту и по миру в целом."
12061.319,Это ещё и чудовищное лицемерие.
12061.319,Поэтому Россия решительно осуждает любые нелегитимные односторонние принудительные меры и всё больше стран разделяют и поддерживают именно такой наш подход.
12061.319,А будут у нас приняты и а ответные меры.
12113.279,Какие они будут?
12113.279,Они будут жёсткими.
12113.279,они будут разработаны и реализованы в соответствии с нашими интересами.
12124.439,"Ну, я ещё раз хочу сказать, лучше бы они этот чернобыльский саркофаг починили."
12129.52,"Так, с нами ли, э, пакистанское агентство Садая Рус?"
12144.08,"Если не с нами, тогда давайте дальше пройдём."
12144.08,С нами ли интернетпортал?
12149.52,"Ну, я знаю, он в зале, вроде бы."
12149.52,"А, и желаю."
12157.6,">> Здравствуйте, Дмитрий Соколов."
12157.6,"В Ижевске сейчас учатся сотни, возможно, тысячи студентов из Индии."
12165.439,Вот это прямой результат работы по улучшению России дипломатической экономический связи с этой стороной.
12165.439,"А запланируется ли в России расширять гуманитарные образовательные связи с какими-то более далёкими странами, какими-то необычными?"
12182.64,"Каких студентов, из каких стран студентов ждят ждать в Ужевске в будущем?"
12187.399,"Вы знаете, мы, я не знаю, с какими ещё более дальними странами можем расширять, а, так сказать, наши образовательные контакты, потому что у нас в большом количестве учатся студенты из стран Африки и Латинской Америки."
12187.399,Что может быть дальше?
12207.399,Какое ещё географическое направление?
12207.399,"А Соединённые Штаты Америки, Канада сами себе запрещают любые контакты с нашей страной, хотя мы никогда не сегрегировали людей."
12207.399,"А Латинская Америка, Южная Америка, студенты учатся в наших вузах, африканский континент."
12227.279,"Поэтому здесь, мне кажется, вопрос не столько в географии, а сколько в том, что мы действительно заинтересованы в том, чтобы развивать эту сферу наших отношений."
12227.279,"и президентом Российской Федерации была поставлена задача добиться к тридцатому году увеличения численности иностранных студентов, которые обучаются в отечественных вузах и научных организациях."
12227.279,И даже была обозначена соответствующая количественная планка 500.
12227.279,000 человек.
12227.279,И в рамках достижения поставленных целей совместно с профильными ведомствами Министерства иностранных дел наше заграноучреждения ведут работу по совершенствованию механизмов привлечения иностранцев на обучение в Россию.
12227.279,"аэ, в частности, отбора иностранных граждан и даже лиц без гражданства в пределах установленной правительством Российской Федерации квот."
12227.279,"А вот в рамках или в процессе этого самого квотного отбора иностранные граждане имеют право выбрать для обучения вуза по всей территории нашей страны в зависимости от предпочитаемых специальностей, в зависимости от репутации того или иного образовательного учреждения или региона."
12289.08,"Соответственно, субъекты Российской Федерации и, конечно, мы включаем и включая Удмуртию, вносят значительный вклад в реализацию наших задач на этом самом гуманитарном треке."
12289.08,"И мы готовы дать возможности, а вот эти презентационные, о которых я сказала в контексте туристической сферы, и для, а, так сказать, демонстрации преимуществ, а-э, вашего региона Удмуртии через наше посольство в образовательной сфере."
12289.08,"С удовольствием проведём мероприятия, расскажем о ваших вузах, распространим материалы и так далее, и так далее."
12328.319,Так.
12328.319,с нами ли?
12328.319,Давайте ещё один вопрос возьмём онлайн.
12328.319,Балканы.
12328.319,Арти Балканы.
12336.92,>> Да.
12336.92,"Добрый день, Мария Владимировна, Марич Елена, телеканал RT."
12336.92,У нас сегодня к вам два вопроса.
12336.92,"а еврокомиссар по вопросам расширения Марта Кос, которая и ранее, а на напрямую вмешивалась в внутренне политические вопросы Сербии."
12355.16,"А мы уже знаем, в том числе, своим требованиям, чтобы Александр Воллин не был министром правительства Сербии за его слишком техники связи с Россией."
12355.16,Что в итоге случилось?
12355.16,"А теперь та же самая Марта Кос угрожает Сербии лечением средств из фондов Евросоюза и за недовольство некоторыми законами, принятыми в народной искупствено Сербии, а также из-за того, что страна не вела санкции против России."
12355.16,"Мария Владимировна, что принесёт по вашему мнению Сербии выполнение требования еврокомиссара и может ли ущерб, который при этот при этом возникает быть компенсирован средствами из фондов Евросоюза?"
12355.16,"Вы знаете, я хочу сказать, что, судя по заявлениям, которые доносятся и звучат из Брюсселя в адрес Сербии, а Европейский Союз или вся эта брюссельская бюрократия относится к Сербии и к сербам как своим вассалам."
12412.279,Кто им давал такое право?
12412.279,"кто на каком основании они ведут себя с суверенной страной, со свободным народом, который неоднократно в течение собственной истории отстаивал своё право и со оружием в руках, и своими достижениями на мирную свободную жизнь разговаривать, как будто это рабы их."
12412.279,"Сербы Брюсселю не рабы, а Брюссель Сербии не хозяин."
12440.76,Нет никаких вообще не то что исторических фактов или предпосылок.
12440.76,"Нет никаких даже, ну, я не знаю, возможностей себе представить, что такое поведение Брюсселя в отношении суверенной страны, тем более Сербии, которая так настрадала за свою историю, может быть, а принята как норма."
12440.76,"Нет, это не то, что не норма, это недопустимо."
12470.52,"учение, кстати говоря, Европейского Союза в отношении Сербии, Белграда теперь уже приобрели какой-то, я бы сказал, не столько системный, сколько хронический характер, потому что всё действительно похоже на болезнь."
12482.92,"Представители сербского руководства регулярно и открыто об этом говорят и подчёркивают предвзятый, политически мотивированный, а порой хамский подход Брюсселя."
12482.92,"А сами есовцы, посмотрите, что конкретно говорят и что они сами же признают."
12482.92,"Они признают, что расширение Евросоюза является для них геополитическим инструментом."
12482.92,Что это значит?
12482.92,"Что они расширяют Европейский Союз не для того, чтобы новые страны-члены стали богаче, благополучнее, здоровее, а образованнее, не знаю, более развитыми стали."
12482.92,Ничего подобного.
12482.92,"А просто для того, чтобы вот это вот э, так сказать, э-э, брюссельская какая-то вот не знаю, м брюссельское паучища, э, получило дополнительные какие-то лапы для того, чтобы совершать очередные свои какие-то, э, действия точно не высокого морально-нравственного характера, а либо стяжательство, либо воровство, либо агрессия, либо угроза и так далее."
12482.92,"И, кстати говоря, вот об этом прямо же заявил высокий представитель ЕС по иностранным делам политики безопасности Кая Калос, хотя, судя по её заявлением, давно её уже надо назвать низкий представитель."
12482.92,"У него пресс-конференция была 31 марта в Киеве по итогам неформальной встречи Миндел ЕС и под предлогом выполнения условий для сближения ЕС с евро, они очень смешно их называют, евроаспирантами."
12570.12,"А так вот под предлогом выполнения условий для сбежения съез евроаспирантов лишают самостоятельности, заставляют присоединяться к решениям Европейского Союза, к подготовке которых они не причастны и которые противоречат их же национальным интересам."
12589.319,"э условия, которые ставятся для этих евроаспирантов, а по сути это никакие не евроаспиранты, это суверенные страны, которые хотят, а, так сказать, строить единое экономическое пространство в Европе."
12589.319,"Эти эти условия для них кабальные, а потому что эти страны используются исключительно как рынки сбыта и как источники даровой рабочей силы, трудовых ресурсов."
12589.319,Не в качестве нормального обмена трудовыми ресурсами трудовой миграции.
12589.319,"Нет, а просто как сначала доведённая до отчаяния, а потом вроде как обласканная копеечкой трудовая сила, рабочие ресурсы."
12631.0,"А тем, кто пытается просто сохранить себя как нацию, как нацию, имеющую свою историю, а как сохранить свою национальную гордость, свою культуру, свой суверенитет, ему выкручивают руки, шантажируют, им всё время подбрасывают какие-то провокации, а ставят прямо условия, что не выделят им деньги, если те не откажутся от самостоятельной политики."
12631.0,"Вот, например, так поступила Марта Косу, упомянутая вами, да, что, мол, из фондов вы ничего не получите пока, ну, и так далее."
12631.0,Так как разговаривают-то?
12668.52,Это что за разговор?
12671.16,"И, конечно, вот председатель народной скупщины Ананбавач, она обратила внимание на угрозы спецкладчика Европарламент по Сербии, хорвата Танина Пиццулы лишить сербов есовского финансирования, аа которые прозвучали в канун православной Пасхи."
12699.279,"Ну это вот как, ну это же просто настолько символично."
12699.279,"Люди перед Пасхой, тем более сербы, православные, религиозные, свято чтут традиции, охраняют их."
12699.279,"Люди перед Пасхой получают подарки, дарят друг другу подарки."
12699.279,"А этим людям, которых Европейский Союз за людей-то, судя по всему, не считает, дарят перед Пасхой только угрозы, агрессивную риторику и шантаж."
12729.96,"Но это весьма наглядно демонстрирует цинизм еврочиновников и на самом деле раскрывает их истинное отношение и к Белграду, и к сербам."
12729.96,Они не хотят их видеть равными себе партнёрами.
12729.96,"Они хотят приучить сербов к тому, что ни о каком равноправии речи быть не может."
12747.479,Любые шаги навстречу Брюсселю только усиливают аппетиты есовцев.
12747.479,И с каждым разом они требуют всё больших уступок.
12755.399,"Показатели, например, пример Северной Македонии, которая, вопреки собственным национальным интересам, пошла на очень болезненные конституционные изменения, даже вступила в НАТО, но вообще ничего не получила взамен в евроинтеграционном плане."
12770.479,От Белграда есовцы требуют введения санкций против России.
12770.479,Против кого?
12775.04,"Против нашей страны, которая столько помогала и помогает Сербии и реально является источником её благополучия."
12784.72,"И это делается в тот момент, когда все ищут энергетические ресурсы, а сербов заставляют из Брюсселя от этих энергетических ресурсов отказываться для того, чтобы они были не на фоне обрушающейся есовской экономики благополучными, а такими же, как остальные, а, есовцы, которые утратили способность защищать свои национальные интересы."
12812.199,"А ведь в ЕС все эти меры привели к росту инфляции, к энергетическому кризису, к деиндустриализации, к замедлению, а иногда и прекращению роста ВВП."
12812.199,"Это не наши показатели, которые мы всё время приводили в качестве примера."
12812.199,"Это их показатели, которые они другим приводили в качестве примера."
12832.439,"Никакие европейские фонды, конечно, никогда не смогут компенсировать сербской экономике ничего."
12832.439,только наоборот будут тянуть её на дно.
12832.439,В Брусли прямо выражают недовольство присутствием в Сербии третьих стран.
12832.439,"Это они так называют, считая Балканы своей водчиной, своим, как они там называют, как бы васалом."
12854.279,"Аа и очевидно, что они не остановятся на этом требовании о разрыве торгово-экономических связей России."
12854.279,Они пойдут ещё дальше.
12867.56,"Так, у вас всё?"
12867.56,Да.
12867.56,Ещё один >> вопрос.
12867.56,У нас ещё ещё один вопрос.
12867.56,Да.
12872.56,16 апреля председатель парламента Молдавии Игор Гросу позволил себе неподая высказывания в адрес посла России в Киневе Олегазирова.
12872.56,"Мол, высылать мы его пока не будем, пусть здесь погуляет."
12872.56,Как бы вы могли эту прокомментировать?
12893.76,"Ну, мне кажется, что, наверное, можно применить схожую лексику к председателю парламента Молдавии Игоре Гросу."
12893.76,"Пусть он тоже где-нибудь там погуляет, а посол Российской Федерации в Молдавии будет работать, чем он и занимался."
12913.92,"А в отличие от очень многих, кого привели сейчас в руководящие органы Молдавии, посла Озерова знают во всём мире как блестящего специалиста профессионала."
12913.92,"А как знают во всём мире председателя парламента Молдавии Игоря Гросу, мне неизвестно."
12913.92,"Я увидела эти заявления, попыталась что-то о нём почитать, найти, кроме каких-то политических, так сказать, манипуляций, перехода с должности на должность, мне ничего не известно о его достижениях."
12913.92,"В отличие от достижения посла Озерова, которое является выдающимся дипломатом и, а, действительно высочайшим профессионалом, а, которого знают и уважают во всём мире."
12962.72,"Так, идём дальше."
12962.72,С нами ли медиакорпорация Китая?
12972.439,">> Да, добрый день, Мария Вадивна."
12972.439,Мы сегодня один вопрос.
12972.439,А в последнее время международное сообщество пристально следит за процессом американо-иранских переговоров.
12972.439,"А почти все стороны призывают к их возобновлению, чтобы избежать дальнейшей дальнейшей эскалации."
12972.439,"А, однако премьер-министр Израиля Бебенми Таньяху недавно заявил, что война с Ираном ещё не окончена."
12972.439,"А более того, он также сказал, цитата: ""Маленький Израиль и наш великий друг США а несут на себе время всей западной цивилизации""."
12972.439,Конец цитата.
12972.439,Цитаты.
13000.439,"Вопрос в том, как российская сторона оценивает такие заявления и не подорвут ли они и без того хрупкий процесс переговоров."
13000.439,"Вы знаете, конечно, воинственная риторика не поможет добиться прогресса в бурегулировании нынешнего беспрецедентного витка эскалации вокруг Ирана, а ответственность за него, как мы уже неоднократно заявляли, несут США и Израиль."
13000.439,"И в этой связи российская сторона приветствовала, как вы знаете, начавшееся 8 апреля двухнедельное перемирие или, лучше сказать прекращение огня, а между США и Ираном."
13000.439,А оно было поддержано Израилем.
13000.439,приняли к сведению новое заявление американского президента о готовности продлить режим прекращения огня.
13000.439,Это даёт возможность продолжить конструктивный диалог между американскими и иранскими представителями.
13000.439,"И мы рассчитываем на то, что им удастся разрешить имеющееся противоречия и выйти на а итоговые договорённости."
13000.439,"И мы, конечно, убеждены в необходимости дальнейшего развития ситуации в этом самом русле."
13000.439,"А, и в контактах со всеми вовлечёнными сторонами призывали и продолжаем призывать воздерживаться от шагов, которые чуваты срывом политико-дипломатических усилий, рецидивом вооружённого противостояния, которые способны вновь поставить под угрозу безопасности и стабильность всего ближневосточного региона."
13078.92,>> Спасибо вам большое.
13080.239,">> Да, спасибо вам."
13080.239,С нами Лисеньхуа.
13084.04,"Здравствуйте, Мария Владимировна корреспондент агентства Синх."
13088.72,"В последние дни премьерами Ибония направила региональное подношение в печально известный храм Сугуни, которые считается символом японского мидализма и военной агрессии."
13088.72,"И правительство Ипони также официально пересмотрело три принципа передачи оборонного оборудования и технологий, чтобы обеспечить экспорт оружия, в том числедайного."
13115.68,И в начале этого месяца Япония направила войска для участия в американо-фильпинских военных учениях.
13123.399,Каково ваше мнение по поводу этих действий и бони?
13123.399,Спасибо.
13128.439,">> Вы знаете, это одиозный храм."
13128.439,"Мы регулярно комментируем то, что вокруг него происходит в Японии."
13128.439,"Храм Исукуне, э, и состоявшаяся в очередной раз акция подтверждает, что администрация Такаити продолжает цинично игнорировать чувство народов, соседних государств, которые тогда пострадали от э действия милитаристской Японии в ходе Второй мировой войны, а чудовищных действий, страшных действий."
13128.439,"Это вновь олицетворяет опасную политику официального Токио, сутью которой стало абсолютное пренебрежение изобвения уроков истории, обеление жесточайших, чудовищных преступлений прошлого."
13128.439,"Мы вновь призываем правительство Японии в полном объёме признать итоги Второй мировой войны, отказаться от курса на ускорение или ускоренную ремилитаризацию."
13181.04,"Она уже однажды принесла горе и страдания народам Азии, в том числе, а японскому народу."
13181.04,"Мы внимательно следим за шагами Тогию в области либерализации экспорта вооружений, продукции военного назначения."
13181.04,"И видим в этом сознательный отход а Японии от сохранявшейся в течение более восьмидесятилетий пацифистской парадигмы внешней политики этой страны, закреплённой законодательно."
13181.04,"Что касается недавнего решения, о котором вы упомянули в своём вопросе, я хотел бы подчеркнуть, что по дипломатическим каналам получены заверения японских властей о невозможности поставки экспортируемых вооружений и продукции двойного назначения в зоны вооружённых конфликтов, включая непосредственно Украину, а также о намерении ужесточить контроль за соблюдением условий сертификации конечного пользователя."
13181.04,"По вопросу об участия морских сил самообороны Японии в крупномасштабных учениях Баликатан можем отметить, что мы постоянно транслируем Токио, нашу обеспокоенность расширением его военной активности в рамках Союза США и всестороннего содействия Вашингтону в формировании узкоблоковых квази альянсов ВТР."
13181.04,И такие шаги лишь усиливают градус напряжённости в этой части света.
13181.04,"Ну и, конечно, не способствуют обеспечению стабильности и гармоничного совместного развития."
13263.319,>> Спасибо вам большое.
13264.239,>> Спасибо вам.
13264.239,Амилийс.
13272.08,"Да, здравствуйте."
13272.08,У нас вопрос последне Кубы.
13272.08,"Ээ, президент Трамп 18 апреля, лучше, если не понятно, извини не в первый раз, ээ, сделал заявление по Фуге, обещая ей цитата, новый рассвет, который принесёт спунскому народу с нового цитата долгоданную свободу."
13293.52,"Собственно, вопрос в том, готова ли Россия продолжать оказывать помощь в клубе и готова она продолжать это делать, если конфликт Вашингтон Литалано перейдёт горячую стадию."
13293.52,"И можно ли сейчас говорить о том, что ситуация крутиту ээ напоминает ситуацию карибского кризиса?"
13319.72,>> Я не не всё чётко расслышала.
13319.72,"Если на что-то я не отвечу, вы скажите."
13319.72,"Я Вы сказали, что президент Трамп пообещал Кубе новый рассвет."
13319.72,"Я хочу сказать, что президент Трамп на протяжении многих лет обещает гражданам Америки, а сделать Америку снова великой."
13319.72,"Сначала снова великой, потом просто великой."
13319.72,"Мне просто интересно, а он сначала м обеспечит рассвет Кубе, потом обеспечит э превращение Америки в великое государство или всё-таки сначала займётся Америкой, а потом уже обеспечит рассвет а Куби."
13319.72,"Но, наверное, это такой теоретический вопрос, хотя я думаю, что можно было бы и поинтересоваться."
13360.159,А теперь по поводу пресловутой свободы.
13362.68,"Вы знаете, она, вообще-то, наверное, является долгожданной только для самих Соединённых Штатов Америки, потому что а ещё в 1823 году, а это, между прочим, 200 лет назад, а госсекретарь США Джон Куинси Адамс, а он позже стал президентом этой страны, озвучил теорию так называемого спелого фрукта."
13362.68,"Мы всё время говорим про задний двор США как теория, а есть ещё теория спелого фрукта."
13362.68,"Он утверждал, что законы политической гравитации приведут к тому, что остров Куба неизбежно окажется под контролем США, сравнив при этом Кубу созревшим яблоком, которое упало на землю."
13362.68,"Имею в виду, видимо, не на землю, что упал, а прямо в широко раскрывшийся американский род."
13409.319,Это я дипломатично сейчас высказалась.
13413.72,"Политика беспрецедентного давления на остров Свободы, который поэтому так и называется, что это свободу отстаивает много лет, давно вызывает возмущение всего международного сообщества, потому что действительно именно Кубу пытаются Соединённые Штаты Америки лишить свободы."
13413.72,"В двадцать пятом году, напомню, Генеральная ассамблея ООН в тридцать третий раз приняла резолюцию, которая призывает Соединённые Штаты прекратить экономическое, коммерческое, финансовоя эмбарго против Кубы."
13413.72,"То есть удушающие меры, которые как бы кольцом блокады её сдавливали многодесятилетий."
13452.199,Этот документ Генеральной ассамблей ООН был одобрен большинством голосом.
13452.199,165 стран выступили за.
13452.199,Резолюция с аналогичным содержанием принимаются генасмблеедно с 1992 года.
13452.199,"Сейчас вход пошли уже угрозы силового давления на Кубу, так сказать, дожать Кубу, чтобы она была свободной оружием."
13475.56,"А, кстати, всё это проявляется на фоне далеко неразрешённого а конфликта, развязанного Соединёнными Штатами Америки в другом регионе, в другом полушарии."
13489.199,"А, видимо, применение односторонних принудительных мер, которые противоречат международному праву, уставу ООН, Соединённые Штаты посчитали уже недостаточно."
13501.0,"А на фоне целенаправленной и, кстати говоря, злонамеренной эскалации напряжённости в отношении Куба, мы подтверждаем свою солидарность с правительством и, конечно, с братским народом Кубе."
13501.0,Позиция нашей страны хорошо известна.
13501.0,"Мы категорически отвергаем шантаж, угрозы как метод внешней политики."
13501.0,Это в полной мере относится и к нынешнему демонстративному агрессивному давлению Вашингтона на Гавану с очевидной целью грубого вмешательства во внутренние дела острова Свобода и слома кубинской государственности.
13537.6,">> Да, спасибо вам."
13537.6,С нами Ли Верелк.
13544.359,У меня сегодня один вопрос.
13544.359,Вот в преддверии годовщины геноцида за последние дни в Степанакерте Азербайджан уничтожил две армянские церкви.
13544.359,Это сначала церковь Сурпокоп и вот недавно кафедральный собор Святой Богоматери.
13562.279,Вот хочется узнать ваше мнение о вот таких актах вандализма и уничтожения армянских церквей и памятника.
13567.68,">> Скажите, пожалуйста, а какая-то реакция была со стороны официального Еревана?"
13572.68,"Ну, официальный Ереван, у него свои подходы к раз."
13577.0,">> Нет, ну просто интересно."
13579.199,">> Ну, насколько я знаю, премьер-министр не отреагировал должен быть."
13583.279,">> Задайте им вопрос, почему они не отреагировали."
13586.479,За нами как бы дело не встанет.
13586.479,"Я могу и сейчас сказать, потому что мы неоднократно, в том числе и в ответах на ваши вопросы, понимали тему недопустимости войны с памятниками."
13586.479,"Кому, как не нам знать, что такое, когда памятники, связанные с твоей культурой, с общей культурой, с общими периодами истории, уничтожают безосновательно."
13608.159,А и мы не меняем свои подходы.
13608.159,И у нас нет двойных стандартов в этом смысле.
13608.159,У нас стандарт един.
13608.159,"Это нельзя делать, где бы это не не происходило."
13608.159,"И всегда даже есть разные нюансы экономические, логистические, политические всегда можно договариваться и находить точки соприкосновения."
13628.68,"Я напомню, трёхсторонние договорённости на высшем уровне, которые были заключены с двадцатого по двадцать второй год между Россией, Арменией и Азербайджаном, предусматривали, в том числе и гуманитарный трек примирения."
13628.68,"Он включает в себя темы возврата и обмена всех удерживаемых лиц, бережного отношения именно к памятникам, памятникам архитектуры, мемориальным комплексам, обмена информацией по линии профильных структур, общественных организаций по поиску безвести пропаших стран."
13628.68,"А как представляется запрос общественности, как в Азербайджане, так и в Армении на решение такого рода вопросов актуален и сегодня, и ваш вопрос это подтверждает."
13628.68,Поэтому в случае обращения мы готовы оказать партнёрам необходимое содействие.
13628.68,"Но я считаю, что вообще неплохо было такие вопросы задавать в первую очередь а руководству Армении."
13682.56,">> Да, спасибо вам."
13682.56,С нами ли информационное агентство Сусанин?
13682.56,Не знаю.
13682.56,"Да, пожалуйста."
13691.399,">> Юрий Абашев, здравствуйте."
13691.399,"Мария Владимировна, про Кубы уже сказали, я немножко хочу дополнить."
13691.399,"Куба, как известно, далеко, но она же очень рядом и социально, и экономически, и культурно."
13691.399,"Если США всё-таки решат вторгнуться, как Россия будет реагировать и что самое главное, какое вообще пространство для манёвра на реакцию есть у нашей страны?"
13714.8,">> Знаете, мы своей позиции не меняли."
13714.8,Она неизменна.
13714.8,Она неоднократно озвучилась.
13720.52,"Россия Кубо связывают самые тесные, дружеские отношения."
13720.52,Они складывались исторически.
13720.52,"Мы всегда были на стороне Кубы и в её борьбе за независимость, за её право развиваться по собственному пути, жить по своим правилам и защищать своё свои национальные интересы."
13720.52,"При этом мы же видели, что делает эта Куба а на основе международного права, исходя из уважения к другим членам международного сообщества, никогда никому не угрожая, не нося никому никакого вреда."
13720.52,Поэтому мы будем продолжать оказывать кубинским друзьям гуманитарную помощь в этот непростой период.
13720.52,"И в условиях искусственно нагнетаемой атмосферы конфронтации Россия подтверждает свою солидарность, а, с правительством, как я уже сказала, и братским народом Кубы."
13771.92,"Я не буду повторять всё то, что сказал, отвечая на ваш на вопрос вашего коллеги, а, понимаете, комментировать развитие силовых сценариев."
13771.92,"Во-первых, у нас есть для этого соответствующие ведомства."
13771.92,"Ну, а во-вторых, мы политически и гуманитарно делаем всё для того, чтобы поддержать, а, страну, которая более, чем, наверное, кто-либо под заслуживает вообще общемировой поддержки."
13771.92,Поэтому мы со своей стороны всё это делаем.
13809.12,"Так, давайте ещё один вопрос возьмём онлайн."
13809.12,С нами ли агентство на Долу?
13813.8,>> Да.
13813.8,"Мария Владимировна, здравствуйте."
13815.92,"Елена слова, информагентства Наду."
13815.92,У нас сегодня два вопроса.
13815.92,"А, Мария Владимировна, извините, что возвращаюсь к теме сорока задержанных израильтян, но вот МИТ Израиля прокомментировал и даже выпустил рекомендацию не ездить своим гражданам в нашу страну."
13815.92,И редакция очень просила ваш комментарий по этой ситуации.
13815.92,"Может, сейчас вы можете что-то сказать?"
13839.479,>> Что я могу сказать?
13839.479,А какие какие ко мне-то вопросы?
13844.399,В каждой стране есть свои процедуры пересечения границы иностранцами.
13850.479,"А я помню, когда я лично приезжала в Израиль, а были вне зависимости от того, с каким паспортом ты едешь: дипломатическим, служебным, общегражданским."
13865.199,"Аэ к тебе применяются соответствующие меры и досмотра, и меры безопасности."
13865.199,"Ээ, я очень хорошо помню, какой чемодан я получила."
13865.199,"Это был не тот чемодан, который я собирал в Москве."
13879.52,"Я к этому отнеслась пониманием, потому что мне сказали, что досмотр моих личных вещей был осуществлён вне моего присутствия, потому что таковы требования безопасности."
13879.52,"Это было, ну, наверное, я не помню, год семнадцатый примерно был год."
13879.52,"Причём, а я была там с паломнической поездкой на сход огня."
13879.52,Мы приехали.
13879.52,Точно.
13879.52,"От нас не стоило ожидать ничего плохого, только хорошее."
13879.52,Но это свои методы у каждой страны.
13879.52,"Другое дело, всё это должно быть взаимоуважительно, но у меня нет никаких сомнений, что, и мало того, фактологически это подтверждается, что а-а гражданам Израиля, гражданам других стран, а, так сказать, применяются в соответствии с нашим законодательством, а все меры досмотра на границе, а, абсолютно на равных, равноправно, взаимоуважительно и так далее."
13879.52,"А, поэтому что же тут комментировать-то ещё?"
13937.199,"Поэтому мы, к сожалению, видим очень странные, порой бывают отказы даже на пропуск наших граждан, которые хотят приехать в Израиль."
13937.199,"Мы регулярно информировали израильскую сторону и информируем, почему это не год, не два, это, знаете, такой постоянный, регулярный процесс."
13937.199,"А нам объясняют, что таковы требования безопасности."
13966.04,"Я не знаю, с чем связано какие-то там предупреждения со стороны Израиля, но они, наверное, тоже на это имеют право."
13966.04,Выпустили предупреждение.
13975.479,"Это их, наверное, законное право."
13975.479,"С чем оно связано, непонятно."
13975.479,Имеют ли под этим какие-то основания?
13975.479,Не имеются.
13984.159,"Почему они тогда не публикуют сообщения и объяснения, когда а не схожим и не аналогичным, намного более а странным и необъяснимым мерам, так сказать, досмотра, задержания или даже отказа во весте подвергаются граждане России?"
13984.159,"Вот это хороший вопрос, его надо им адресовать."
14006.92,>> Спасибо большое.
14006.92,И второй вопрос.
14006.92,"Может быть, вы видели вот этот сюжет с разрушением статуи Иисуса Христа, ну вот предположительно израильским солдатам."
14017.52,Не могли бы вы эту ситуацию тоже прокомментировать?
14019.76,">> А вы знаете, я думаю, что мы все видели, всё, весь мир облетели эти кадры."
14019.76,"И здесь, конечно, не может быть никаких двух мнений."
14019.76,Разрушение израильскими вознослужащими статуи Христа в поселении Дебель на юге Ливан является актом вандализма и не может быть ничем оправдано.
14019.76,"Но важно, самое важное, на мой взгляд, в этой истории то, что руководство государства Израиль, Министерство иностранных дел Израиля, представители ЦАЛ уже принесли публичные извинения в связи с данным инцидентом."
14050.279,"Не стали это списывать на там фейки, фотомонтаж, дипфейки и так далее."
14050.279,"А а заявили о том, что виновные будут наказаны."
14050.279,"Это чрезвычайно важно, и мы отдаём должное тем решительным мерам, которые были приняты."
14050.279,"а-а, так сказать, официальным Израилем, так что официальными структурами Израиля."
14050.279,"А, ну и тоже важная важная информация, которую, я думаю, вы тоже видели, 23 апреля при содействии миротворцев из состава временных сил ООН в Ливани крест был восстановлен."
14085.56,>> Спасибо большое.
14086.399,>> Спасибо вам.
14086.399,А мы выходим на финишную прямую.
14086.399,С нами.
14086.399,ru.
14092.96,">> Мария Владимировна, здравствуйте."
14094.76,сайтn.
14094.76,ru.
14094.76,С вами у нас к вам сегодня тоже два вопроса будет.
14094.76,"Первое, вот о чём германская сторона вызвала российского посланичаева, охарактеризовав действия Москвы как попытку ослабить поддержку Украины."
14106.56,"Имеется в виду публикации Минобороны РФ, сведений о европейских предприятиях, производящих беспилотнике для Киева."
14106.56,"Вот какова официальная реакция, официальной позиции российской стороны по данному инциденту?"
14120.399,"А вы знаете, у нас хорошая традиция уже, когда вызывают наших послов, они используют эту возможность для доведения до страны аккредитации принципиальных подходов, в частности, по ситуации вокруг Украины."
14120.399,"Мы неоднократно указывали германской стороне на то, что избранный её курс на безудержанное накачивание террористического киевского нана нацистского режима деньгами и оружием превращает Германию в непосредственного участника конфликта, в спонсора террористов и терроризма, международного терроризма."
14120.399,"Мы предостерегали от дальнейшего раскручивания этой эскалационной спирали, а призывали, причём используя все дипломатические возможности к прекращению губительной практики, усиле усиленной милитаризации Украины под лозунгом столько, сколько потребуется, видимо, не доходило."
14120.399,"Причём, видите, как они, ещё раз говорю, чувствительны, когда не дипломаты, не государственные деятели, а общественные деятели, журналисты, а используют, так сказать, не дипломатические выражения, как им сразу не нравится."
14120.399,"Но если не нравится слушать недипломатические выражения, будьте добры слушать дипломатические выражения."
14190.08,"Стоило слегка, знаете, как-то так нахмурить брови европейских кукловодов банково."
14190.08,И тут же случился приступ истерики.
14190.08,"А что, собственно, произошло-то?"
14190.08,"Публикация Министерством обороны Российской Федерации списка европейских предприятий доноров ВСУ, в котором фигурируют, в том числе, немецкие фирмы, ни для кого никаким откровением не стало."
14190.08,"Я больше скажу, ведь Берлин всегда это подчёркивал, всегда гордился тем, какой вклад, ну, правда, не говорили уничтожении Украины и граждан Украины, они вло вносят."
14190.08,Они называли это вкладом в так сказать развитие демократии на Украине.
14227.64,Так что не надо.
14227.64,Они этим гордились.
14230.359,Продолжайте гордиться дальше.
14230.359,"А когда мы будем называть конкретные названия, имена, фамилии и так далее."
14230.359,А либо изменяйте свой подход.
14230.359,"Признавайте, что это спонсорство терроризма, как оно есть, и участие в нём."
14230.359,Факты вещь упрямые.
14230.359,"Очевидные факты, к тому же ещё и неоспоримые."
14230.359,"Тем более, что свои вовлечённости, ещё раз подчеркну, в конфликт на стороне киевского режима, даже не не на стороне киевского режима, а в антироссийскую деятельность в Германии никто и не скрывает."
14230.359,Так что можно я задам Берлину вопрос: а чего вы так испугались?
14267.8,"Мы просто сказали то, чем мы сказали о том, чем вы занимаетесь, и назвали тех, кто этим занимается."
14282.04,"А то премии друг другу давать на этом направлении, это, пожалуйста."
14282.04,"А так сказать, давать трибуну Зеленского - это, пожалуйста."
14282.04,"А как только называешь, кто конкретно является поставщиком оружия Зеленскому, это, видите, как-то им не нравится."
14282.04,"Вызов нашего посла Министерство иностранных дел ФРГ свидетельствует о том, что в Берлине боятся."
14305.12,Просто боятся.
14305.12,А чего боятся?
14305.12,"Боятся не нас, а боятся, потому что сознают своё соучастие в преступлениях киевского режима и знают, что за это придётся отвечать."
14305.12,этого боятся.
14305.12,"Боятся формулировок международно-правовых обвинений в спонсорстве терроризма, а они есть спонсоры терроризма."
14305.12,"Мы исходим из того, что наш сигнал там услышали и надеемся повторять нам не придётся, но мы, если до них не дойдёт, готовы повторять будем и дальше."
14341.88,"Так, всё, >> спасибо."
14341.88,"Ещё есть второй, да, есть ещё второй вопрос."
14341.88,"Тут депутат Рижской думы Алексей Росликов заявил, что в Латвии школьникам теперь запрещают говорить на русском языке не только в учебных заведениях, но даже уже и в свободное время."
14341.88,Вот не могли бы вы прокомментировать сложившуюся ситуацию?
14359.96,>> Нацисты.
14361.88,"Нацисты всегда запрещали людям по этническому, национальному признаку исповедовать свою культуру, историю, использовать язык, ограничивали все свободы по национальному признаку."
14377.0,"Нацисты, это в истории так называется, не связано уже с правами человека, нарушением каких-то деклараций, резолюцией."
14377.0,"Это нацизм, как он есть."
14386.279,"когда человека не впускают в комнату, потому что он определённой национальности, хотя у него есть все документы и все возможности для этого есть."
14386.279,Это нацизм.
14386.279,"Когда людям отказано в, не знаю, участие в спортивных соревнованиях по национальному признаку, это не двойные стандарты, это нацизм, когда людям запрещаются запрещается говорить на своём языке просто даже на улице, это нацизм."
14386.279,И другого не будет здесь определения.
14386.279,Не нравится им это слушать.
14386.279,Пусть меняют свою политику.
14386.279,"Не потому, что нам хочется, чтобы они изменили свою политику, а потому, что эта политика запрещена Нюренбергским трибуналом и международным правом."
14430.68,>> Спасибо вам за ответы.
14431.84,">> А, спасибо вам."
14431.84,"С нами ли, а, с нами ли а автор и >> Да, здравствуйте, Мария Владимировна."
14431.84,У нас сегодня один вопрос.
14431.84,Руслан Панкратов.
14443.76,"Как МИД Россия оценивает трансформацию международного права в условия, когда прецедентное право силы фактически начинает подменять универсальные нормы ООН, где Москва видит уже вот точку невозврата."
14458.76,">> Ой, вы знаете, вопрос масштабный, философский про точки возврата или не возврата."
14458.76,"Мы говорим о том и регулярно это делаем, что либо надо жить по международному праву как по закону, либо дальше уже действительно начинается хаос."
14458.76,"И многие теперь это видят просто включая телевизор, открывая газету или даже выглядывая на улицу."
14458.76,Поэтому здесь не про точку возврата или не возврата.
14483.88,"Мы приводили примеры того, как и уничтожена была законность права и национальное, и наднациональное в тридцатые годы XX века."
14483.88,"и как, несмотря на чудовищные события Второй мировой войны, к праву потом вернулись."
14483.88,"И ещё как вернулись, создали целую систему международного права во главе с Организацией Объединённых Наций."
14483.88,"А поэтому давайте не будем говорить о точке возврата, не возврата."
14483.88,"Давайте делать всё для того, чтобы информировать мировое сообщество."
14483.88,"Это одна из наших задач о том, а что необходимо это международное право сохранять, развивать, а о том, что оно действительно требует и реформирование, и реформируется."
14483.88,"Но полный отказ или частичный сегментарный отказ от права, а или манипуляция международным правом или придумывание новых иро историй про некий меропорядок, основанный на неких правилах, всё это приводит только к одному: к хаосу, к прямому столкновению и кровавым конфликтам."
14543.319,Спасибо.
14543.319,Спасибо вам.
14543.319,С нами ли журналист школа журналистики имени Мезинцева при Центральном доме журналиста?
14543.319,Вот даже та даже.
14552.199,>> Да.
14552.199,"Здравствуйте, Мария Владимировна."
14552.199,А как бы вы прокомментировали обсуждение Франции и Польши вопроса о проведении совместных военных учений в рамках французской инициативы передового вояльного сдерживания?
14564.08,">> Вы знаете, сегодня к этому неоднократно возвращалась."
14564.08,Э и вообще у нас есть наша принципиальная позиция.
14564.08,Обязательно мы ссылки тоже продублируем в тексте брифинга.
14564.08,"Я ещё раз могу подтвердить, что соответствующая деятельность стран Европейского Союза и НАТО в военно-ядерной сфере отслеживается нами самым внимательным образом, включая возрастающее подключение к ней, а номинально неядерных стран из западного лагеря."
14564.08,"Я сегодня уже сказала, что это, конечно, удар по дняу и всей системе, которая контролировала, так сказать, распространение ядерного оружия и, э, так сказать, действительно обеспечивала, а, некие гарантии безопасности в этой сфере."
14564.08,"А подобные действия вами упомянутые, носят, конечно, откровенно провокационный и циничный характер в преддверии, особенно стартующей, как я уже сказала, 27 апреля обзорной конференции ""Довора о нераспространении ядерного вооружения""."
14564.08,"И примером вот этой самой агрессивной ядерной риторики и манипуляций, а так сказать, в этой сфере."
14564.08,"Но это не наши действия, это действия западников."
14630.92,"Так, ну и, насколько я понимаю, онлайн у нас последний вопрос."
14630.92,А посольская жизнь с нами.
14640.279,">> Здравствуйте, Мария Владимировна."
14643.159,">> Здравствуйте, коллеги."
14643.159,Эльги Захундов Здание Посоская жизнь.
14643.159,"Мария Владимировна, если пресс-секретарь президента Дмитрий Песков публично признаёт, что Россия теряет инструментарии в СНГ, что ключевые коммуникационные площадки находятся под контролем вражеских соцсетей, что Telegram и глобальные платформы фактически недоступны для официальной работы, а вопрос, где доводить смыслы, до сих пор нет, не имеет ответа."
14643.159,"То можно ли честно сказать, что а многолетняя внешняя информационная политика России в цифровой среде провалена, а вместо стратегическое влияние сегодня мы наблюдаем уже попытку объяснить оправдание, потерю этого влияния?"
14643.159,И есть ли решение МИД России этого вопроса?
14643.159,"Да, я прямо сразу скажу в ответ на ваш вопрос, а, а, который вы так долго формулировали, не дождётесь, >> а, поверьте мне, работали, работаем и будем работать."
14705.76,"Аа, а то, что нам наши национальные системы в цифровой э среде необходимы, тут даже говорить нечего."
14705.76,"и будем их развивать и будем сочетать это со всеми возможностями, которые нам необходимы и которые имеются для продвижение информации во внешней среде."
14705.76,"Поэтому, пожалуйста, так сказать, следите за нами на всех цифровых площадках."
14705.76,"А и хотела просто спросить, а есть ли вопросы в зале?"
14739.88,">> Боже, сколько хотите."
14739.88,Я сегодня с вами.
14743.279,"Вот, наверное, этот вопрос в продолжение вопроса коллеги."
14743.279,И я хотела бы спросить по поводу инструментов.
14743.279,Вы уже упоминали творчество бурановских бабушек.
14743.279,"Можно ли называть его, ну, той самой мягкой силой, о которой сегодня много говорят?"
14757.479,Вот насколько это актуально направление?
14760.319,>> Это очень дискуссионный вопрос.
14760.319,"Я считаю, что, а, наверное, есть, вот смотрите, что касается мягкой силы, есть гуманитарное культурное сотрудничество, есть культура и её влияние, есть, а, диалог цивилизации, а, есть то, что на Западе действительно сформировалось и выстроено рукотворно было и было названо мягкой силой."
14760.319,От чего это?
14760.319,"от того, что они не уважают культуру, по сути, потому что они считают, что из культуры надо лепить силу и из культуры надо аа формировать оружие и орудие, а это не наш подход."
14760.319,"Ну как можно представить себе, ну, я не знаю, там Чайковского оружием или орудием?"
14760.319,"Они пытаются то отменить, то перенаправить, то вновь использовать на, понимаете, на разных этапах по-разному."
14760.319,"Вот посмотрите, ведь во времена Советского Союза на волнах BBC были передачи, посвящённые православию и христианству на русском языке."
14760.319,"С каким трепетом они британские журналисты, британские идеологи, относились, учитывая, что эта корпорация имеет государственное финансирование в Британии, это государственная тоже связанная с государством информационная, так сказать, компания."
14760.319,"с каким, а чувством и заботой они относились к верующим православным в нашей стране, когда православие, а христианство, как и другие религии, стали семимильными шагами развиваться, возрождаться, когда восстанавливаются храмы, строятся новые, когда проводятся конференции, когда, не знаю, огромное количество программ передачи, даже целые специализированные каналы каждый день вещают о проблемах, которые который действительно волнует человека с религиозной теологической точки зрения."
14760.319,Посмотрите на политику телеканала BBC.
14760.319,"Там не то, что нету передачи больше, которая давал бы возможность православным представителям или аэ священникам вести беседы на эти темы, а появляются наоборот обвинения в том, что, значит, православие чуть ли не, а вредоносно и не так развивается в нашей стране, как надо."
14760.319,Нормально.
14901.84,Почему?
14901.84,"Потому что для них это всё инструменты, для них это всё возможности оказать влияние, давление, разрушить, отменить, наоборот, пролобировать куда-то, кого-то привести к, так сказать, власти, потом, от, так сказать, точно так же отринуть от власти, уничтожить, растоптать, ну, и так далее, и так далее."
14901.84,"Поэтому бурановские бабушки - это культура, это традиции, которые были, на мой взгляд, гениальнейшим образом, а представлены молодой аудиторией теми продюсерами, которые ими занимались и которые вывели их в такой мировой формат."
14901.84,Вот это и есть прекрасное сочетание культуры и бережного отношения к ней с новыми технологическими возможностями.
14901.84,"Когда ты используешь эти возможности не для того, чтобы вытащить что-то из культуры, из цивилизационного кода и использовать против кого-то, а для того, чтобы наоборот продлить существование или а даже не продлить существование, а, наверное, приумножить а те а не знаю достижения и сделать их доступными для большого количества слушателей, пользователей, для огромной аудитории."
14982.159,"Я считаю, что нужно по-другому ставить вопрос, по-другому смотреть на эти темы."
14986.279,"Это не мягкая сила для того, чтобы это наша культура, которую мы можем и должны и сохранять, и делиться ею со всем мировым сообществом."
14986.279,Вот так.
14986.279,"Видите, как совершенно по-другому зазвучала эта тема."
14986.279,"этим, так сказать, убогим оставьте эту мягкую силу с её абсолютно, так сказать, банальным, а, инструментариям."
15014.76,"У нас культура, у нас цивилизация, у нас многоголосие, у нас традиции, у нас это всё настолько по-настоящему и искренне, значит, что у них плохо, и у них тоже нормально где-то и сохраняют, и и ради бога, я имею в виду именно об отношении идеолгов, а которые начали с определённой временной точки рассматривать культуру как инструмент."
15042.76,"Если речь заходит о том, что культура - это инструмент, и вообще, что у культуры есть некое место, значит это уже не культура, значит это уже что-то другое, значит это вырождение культуры или это обман."
15042.76,"А нас обманывают, когда говорят о том, что речь идёт о культуре."
15042.76,Культура безгранична.
15042.76,Культура - это исторический поток.
15042.76,Культура - это традиции.
15042.76,"Культура- это эпос, который, ну, вот представляете, э, сказать, а как можно использовать культуру античности в качестве инструмента мягкой силы?"
15042.76,"Ну, о чём мы говорим, да?"
15042.76,"Другое дело, что популяризация нужна, безусловно, что выход на все мировые площадки, цифровые, а, и музыкальные, и вот посмотрите, как корёжат их от венецианского биналя, да, какие страсти вокруг этого."
15042.76,"Как будто там, знаете, не на жизнь, а на смерть идёт битва."
15042.76,"И вы посмотрите, что творят с Чайковским и с Пушкиным."
15042.76,"Ничего страшного, как говорит Сергеевич Лавров, перебесится."
15113.88,"Так, у вас ещё были вопросы?"
15113.88,"Да, какие-нибуд ненасытные, я смотрю, просто самые стойкие."
15121.76,>> Добрый день.
15121.76,"Завьялова Анна, третий курс, направление международные отношения."
15121.76,Такой вопрос.
15121.76,В нашем Удмурском государственном университете российские иностранные студенты учатся и общаются в одной образовательной среде.
15134.84,"А можно ли сказать, что именно с такого опыта начинается реальная народная дипломатия?"
15134.84,"Да, безусловно, это одна один из способов, но иногда народная дипломатия начинается раньше, бывает, например, интернациональные детские сады."
15134.84,Вот у нас в посольствах Советского Союза существовала фантастическая традиция.
15134.84,"Они школы там не во всех посольствах есть посольства бывают разные по масштабу, но в некоторых посольствах есть школа и есть до сих пор."
15134.84,"И вот с советских времён существовала в посольствах прекрасная традиция, когда э ребята, дети дипломатов из дружественных стран могли посещать наравне с советскими школьниками, сейчас российскими, а наши занятия и просто учиться и получать дипломы наших школ."
15134.84,"У меня, например, был сначала такой же интернациональный детский сад в посольстве, да, был Советский Союз при в Китае."
15134.84,"А затем была школа, это тоже интернациональный класс, а тоже при посольстве России в Китае."
15134.84,"У нас в садике и в школе вот непосредственно в моём классе учились ребята из Монголии, аа из Болгарии, из Польши, тогда Чехословакия была Югославия."
15134.84,"А кто ещё из Румынии, Куба."
15134.84,"Кубу, наверное, сказал уже, да?"
15134.84,"Или не сказал, с Кубы были."
15134.84,А фантастические возможности как раз формиро давала наша школа.
15134.84,"Относились не только на равных, знаете, как относились?"
15134.84,"Девяностые же были, поэтому учебников не хватало, так сказать, не было интернета ещё."
15134.84,"Учебники присылали, так сказать, с большой земли, из России."
15243.88,И нам говорили преподаватели так и директор школы.
15243.88,И это было повсеместно.
15248.6,"Она говорит: ""Нет, вы можете, ээ, заниматься по одному учебнику, двое, например, а наши зарубежные ребята должны каждый получить по учебнику""."
15248.6,"Вот так мы относились, вот так закладывались вообще основы нашего отношения к миру."
15248.6,"И так, а о нас узнавали ребята из этих стран."
15248.6,"Я хочу сказать, что дружбу с этими ребятами мы сохранили до сих пор, и она ни на чём не основана, кроме на нашем вот этом детском отношении друг другу и понимании, что нам предоставлена была возможность нашей страной аа без сегрегации обучаться на равных и получать одинаковые знания."
15286.439,Поэтому и это тоже прекрасная возможность.
15286.439,"Так вот, там был вопрос."
15290.04,Да.
15292.119,">> Добрый день, Мария Владимировна."
15292.119,"Ольга Витошкина, газета Пригородные вести."
15297.359,"Мария Владимировна, ваша деятельность требует колоссальных усилий, ответственности, постоянного внимания, несекаемой энергии, но при этом знаем, что вы являетесь автором стихов, песен и вообще человеком, чьи выступления отличаются особым языком, особым образом."
15297.359,"Поэтому, мм, как вам удаётся совмещать столь, казалось бы, разные, но в то же время одинаковые по значимости сферы деятельности."
15297.359,"И где вообще находите вы силы, время, вдохновение для творчества в условиях вашего, ну, такого плотного графика?"
15297.359,Спасибо.
15338.92,>> Спасибо вам большое.
15338.92,"Вы знаете, я хочу сказать, что, а, врачи, шахтёры, пилоты, аа, учителя, инженеры, а, военные, а они каждый день из поколения в поколение, э, находятся а на острие и порой даже жизни смерти, борются за жизнь своих пациентов, борются за, а, характеры и знания своих учеников, борются за безопасность страны или с врагом, который угрожает, а, погружаясь на одно морское в подводных лодках или, а, опускаясь в шахту, в забои, а, ну, честно говоря, рискую жизнью каждую секунду."
15338.92,А почему вы меня каким-то образом выделяете в данном случае?
15338.92,"А мы все выполняем свои функциональные обязанности, исходя из профессиональных требований."
15338.92,Ничего такого особенного я не делаю.
15338.92,"И самое главное, и самое важное, что я, вообще-то, не одна и что я озвучиваю материалы, которые пишет пишут наши эксперты."
15338.92,"А я привожу факты, которые собирают, архивируют или, наоборот, достают из архивов э наши дипломаты, наши сотрудники."
15338.92,"А я консультируюсь каждый день с огромным количеством супермегаспециалистов, правовиков, страноведов и так далее."
15338.92,"Мне поручено это всё озвучивать, а за этим стоит колоссальная работа всех наших специалистов."
15338.92,"И то, что сейчас этот брифинг смотрят не только в Удмурте, но и во многих странах мира, кто-то на телефонах мобильных, кто-то просто слушает, а кто-то, так сказать, знает, что этот видеоролик можно будет посмотреть или посмотреть потом частями."
15338.92,"В этом заслуга, например, отдел цифровой дипломатии, который работает вообще в круглосуточном режиме."
15338.92,"Это квинтессенция, усилия огромного количества людей."
15338.92,"А это как, я не знаю, работа большого оркестра."
15338.92,"Если только кто-то один сфальшивят, все будут у всех настроение будет испорчено от всего концерта."
15338.92,Правно же?
15338.92,Вот здесь то же самое.
15338.92,"Мы не делим друг друга, кто работает больше, кто работает меньше."
15338.92,"Мы знаем, что сейчас вся страна сосредоточила все свои усилия и возможности."
15338.92,"Каждый на своём фронте, каждый в своём направлении."
15338.92,"И второй вопрос относительно, где черпаю сил для вдохновения, наоборот, вдохновение даёт силы, а оно приходит иногда неожиданно."
15506.04,"И если бы мне нужно было ещё находить какие-то силы для творчества, я бы точно не находила."
15506.04,"Наоборот, приходит вдохновение как отклик на то, что ты переживаешь, а или на какие-то события, и оно тебе даёт силы для того, чтобы ещё что-то такое писать, творить и так далее."
15506.04,Спасибо вам большое за такую оценку.
15527.319,"Да, пожалуйста."
15529.8,>> Здравствуйте.
15529.8,"Меня зовут Ольга, корпорация развития Удмурской республики."
15529.8,"А вы упомянули наши бизнес-миссии, которые прошли в декабре прошлого года в Арабские Эмираты, в Бахрейн, в Саудовскую Аравию."
15529.8,Наши компании успешно смогли навести контакты.
15529.8,"У нас есть первые договорённости, но, к сожалению, компании столкнулись со сложностями."
15548.399,Сложность заключается в следующем.
15548.399,"А у нас принят сертификат института нефтегазовых технологических инициатив, который насчитывает более 230 отраслевых стандартов."
15548.399,"А в Саудовской Аравии, в Бахрейне есть проблемы с принятием данного сертификата, из-за чего наши компании испытывают сложности с поставками оборудования нефтегазовой отрасли."
15548.399,"А планируется ли какая-то усиленная работа в этом направлении для того, чтобы сохранить кооперацию международных цепочек, малого и среднего бизнеса?"
15548.399,"А вот это тот самый случай, когда если можно, вы мне передадите, передайте материалы, и я передам уже тем, кто у нас занимается этим вопросом на экспертном уровня."
15587.159,>> Я очень попрошу вас это сделать.
15587.159,"Да, пожалуйста."
15587.159,Спа >> Интерфакс Андрей Синчонко очень рады вас видеть.
15587.159,"Большое вам действительно спасибо, что вы так много красиво и вкусно говорили про Удмуртию."
15587.159,Это правда ценно.
15587.159,Вопрос немного связан с Удмуртией.
15587.159,У нас 20 лет назад был президент Венесуэла Укачас.
15587.159,"С тех пор много лет утекло, много воды утекло."
15587.159,"А видим, что по сообщениям СМИ, что сейчас США выстраивают диалог с Венесуэлой."
15616.76,"Есть ли диалог у официальной Москвы, Каракоса и вообще контакты?"
15616.76,Поддерживаем ли мы с администрацией госпожи Родригес?
15623.0,">> Ну, конечно, есть."
15623.0,"А потому что есть и глубинные экономические проекты, есть традиционное наше сотрудничество в различных сферах и областях."
15623.0,"работает и крупный бизнес, и средний бизнес."
15623.0,А есть и политическое взаимодействие.
15623.0,"Безусловно, есть, безусловно, и корректировки с учётом развития там ситуации в связи с незаконным похищением штатами а президента Мадура."
15623.0,"А, но поддерживается и диалог, и плотное взаимодействие, безусловно."
15655.04,А так есть ли ещё?
15655.04,"Если нету, всё, спасибо."
15655.04,"Ну, вы самая, по-моему, мм, как это сказать, выносливая публика, потому что 4 часа отдаю вам должное."
15669.199,Спасибо.
15669.199,"Но мне говорили, что вот мурский характер - это это тоже а особое достояние этого региона."
15669.199,Я на себе это проверила.
15669.199,Спасибо вам огромное за внимание.
15669.199,"Я мсь к бурановским бабушкам, потому что это была моя мечта."
15669.199,Спасибо вам большое.
